Player,Rank,IterRank,Delta
"Murphy, John",-0.8349844052723542,1.294725774447586,2.12971017971994
"Stanavich, Dale",-0.7799183764471298,1.3411129388683425,2.1210313153154723
"Simon, Ben",-0.846638959332675,1.2013712772978309,2.048010236630506
"Pushard, Matt",-0.420123640621736,1.5988203069783018,2.0189439476000377
"Missaki, Daniel",-0.8782747014072994,1.1298043926617287,2.008079094069028
"Gomez, Henry",-0.8267924401904008,1.1755067368370589,2.0022991770274596
"Benschoter, Sam",-0.7962583842773784,1.1846350987588323,1.9808934830362106
"Gilbert, Geoffrey",-0.727620233012413,1.2079607390308895,1.9355809720433026
"Harper, Landon",-0.7627681658586194,1.1710361999752372,1.9338043658338566
"Denoyer, Noah",-0.789902380791506,1.1382454596057938,1.9281478403972998
"Young, Jared",-0.6973206184130949,1.2155102814992884,1.9128308999123833
"Ford, Grant",-0.7070657871027868,1.1601841014929353,1.867249888595722
"Velasquez, Luis",-0.678551971970355,1.1722557380324885,1.8508077100028435
"Plassmeyer, Michael",-0.7252950073791127,1.1230775072112746,1.8483725145903873
"Kingsbury, Jimmy",-0.7456825556331176,1.1010824110223332,1.8467649666554506
"Vasquez, Samuel",-0.654757403403438,1.1883449534489543,1.8431023568523923
"Parrish, Drew",-0.8783678431869667,0.9555504338968563,1.8339182770838232
"Kean, Chris",-0.6864872913384634,1.1436874867406395,1.830174778079103
"Shreve, Ryan",-0.7473693095242476,1.0825083101076545,1.829877619631902
"Shawver, Evan",-0.7465535031887166,1.0811806511865822,1.8277341543752987
"Jose, Bernard",-0.6955680915455192,1.1020027583422647,1.797570849887784
"Jiménez, Dany",-0.6016065838334386,1.1734442726150653,1.775050856448504
"Collins, Bryce",-0.7942050979814542,0.9778290375773211,1.7720341355587754
"Garcia, Victor",-0.5244191655271033,1.221498528960732,1.7459176944878354
"Bergner, Austin",-0.6218815862956961,1.1196188749648714,1.7415004612605676
"Merda, Hayden",-0.551420399199013,1.183195022463364,1.734615421662377
"Castro, Willi",-0.5270237548319002,1.1905996259587335,1.7176233807906338
"Kuncl, Trevor",-0.7807289112831745,0.9246238622772958,1.7053527735604703
"Pérez, Steven",-0.8089536438297297,0.8555617996538609,1.6645154434835905
"Espinosa, Carlos",-0.6779745896366264,0.9741941332832158,1.6521687229198423
"Moore, Andrew",-0.6952752830208749,0.9542946613533989,1.649569944374274
"Juarez, Daniel",-0.6278599229177819,1.0128926922240014,1.6407526151417833
"McGuire, Reese",-0.7253959254672417,0.9109140579368609,1.6363099834041026
"Lopez, Nicky",-0.4758770840077256,1.1486529678422648,1.6245300518499903
"Mendez, Juan",-0.5043781471439888,1.1196188749648714,1.6239970221088602
"Arguelles, Anthony",-0.656315477690248,0.9490146517312344,1.6053301294214823
"Robberse, Sem",-0.6775028117013184,0.9176182308212943,1.5951210425226128
"Seigler, Anthony",-0.3860702920470301,1.1962575578733703,1.5823278499204003
"Lunsford-Shenkman, Wyatt",-0.8848683630687485,0.6613108940792771,1.5461792571480255
"Stebens, Isaac",-0.7178493196995146,0.8165003404246463,1.5343496601241609
"Waites, Cole",-0.5142033041653693,1.0081588634514898,1.522362167616859
"Ekness, Josh",-0.6508354900672981,0.7806874561052382,1.4315229461725363
"Morillo, Alfred",-0.25186673249769,1.1721819930145383,1.4240487255122283
"Bierman, Gabe",-0.5656472598501965,0.8521558361228446,1.4178030959730412
"Busenitz, Alan",-0.2364768690424913,1.175987352240198,1.4124642212826892
"Hunt, K.C.",-0.5258588033386783,0.8764986606965048,1.402357464035183
"Webb, Nate",-0.6631162082608761,0.7368097532255556,1.399925961486432
"Fleming, Josh",-0.4850133953443349,0.9129769101323284,1.3979903054766634
"Hejka, Josh",-0.1951651619752474,1.2021938473257987,1.3973590093010462
"Blanchard, Jason",-0.3361467080153772,1.0549725513027814,1.3911192593181587
"Watson, Troy",-0.8321137774824064,0.5586580167245012,1.3907717942069078
"Brown, Aaron",-0.4537017293490084,0.936951184015326,1.3906529133643344
"Guante, Wander",-0.5986124469232258,0.7726486397319685,1.3712610866551942
"Angelo, Roman",-0.5357930778711852,0.8282265550205772,1.3640196328917624
"Victor, Najer",-0.2211393883493073,1.128653042709023,1.3497924310583302
"Wosinski, Jacob",-0.2111336037140484,1.1378176139944376,1.348951217708486
"Chace, Moisés",-0.4408723964873386,0.893201019771852,1.3340734162591905
"Rodriguez, Julio",-0.8927335731402253,0.4030007176042516,1.2957342907444769
"Leigh, Zac",-0.7556686928990929,0.5295640204848869,1.2852327133839798
"Morgan, Tyler",-0.2013739564370726,1.081257495369596,1.2826314518066686
"Barnhart, Zane",-0.3090253396819222,0.9722594593431846,1.2812847990251068
"Todd, Jonathan",-0.221658589599414,1.0554095410146629,1.277068130614077
"Scott, Kyle",-0.1879691444876166,1.081498575242934,1.2694677197305506
"Santos, Junior",-0.8401293135893003,0.42788959823854794,1.2680189118278482
"Faherty, Jake",-0.5075397113006428,0.7492550425273352,1.256794753827978
"Bickford, Phil",-0.4996996299761501,0.7380821730587691,1.2377818030349192
"Barclay, Edgar",-0.4154167445668622,0.817585173473141,1.2330019180400031
"Alcantara, Raúl",-0.7493596812731665,0.4792597749206297,1.2286194561937962
"Adler, Eric",-0.4562956977524631,0.7645280935155976,1.2208237912680606
"Routzahn, Ethan",-0.3002074513796537,0.9071263494768951,1.2073338008565488
"Jones, Nick",-0.1213522040010538,1.07149633334688,1.1928485373479338
"Southard, Jared",-0.0158464569869293,1.1717810222716292,1.1876274792585584
"Greene, Zach",0.0485992346930012,1.2285428361080015,1.1799436014150002
"Barnhart, Tucker",-0.8027988107628731,0.3750625478235208,1.177861358586394
"Neeck, Brandon",-0.0140318494181559,1.139646016253147,1.153677865671303
"Clark, Derek",-0.1725124751964634,0.9741941332832158,1.146706608479679
"Fujinami, Shintaro",-0.6468056782283623,0.48563466054905957,1.132440338777422
"Joyce, Jimmy",0.1073141065061229,1.2264672673241765,1.1191531608180536
"Weatherly, Sam",-0.3162873524193819,0.7997046773198602,1.115992029739242
"Phansalkar, Roman",-0.0934275520624842,1.009770918371309,1.1031984704337932
"Beilenson, Charlie",-0.0783114996337969,1.0201129538638007,1.0984244534975975
"Adames, Jose",-0.2958729135601217,0.7966025589000685,1.0924754724601902
"Walsh, Michael",-0.4103340550975818,0.6750480391034565,1.0853820942010382
"Copen, Patrick",-0.2130928927127894,0.8534889149208316,1.0665818076336209
"Hence, Tink",-0.623819962400873,0.4348872484656968,1.0587072108665698
"Smith, Austin",0.138977586209027,1.1929294053970643,1.0539518191880373
"Wissman, Nick",-0.5071593410012291,0.5459844373834652,1.0531437783846944
"Rivera, Yaqui",-0.722932004748278,0.32458546356523776,1.0475174683135158
"Schoenle, Garrett",-0.4638306442711375,0.5806529628000304,1.044483607071168
"Moore, Matt",-0.2946605429741185,0.736746747149434,1.0314072901235525
"Mondak, Nick",0.1731668777364785,1.1975665182454718,1.0243996405089932
"Hickman, Mason",-0.750302533786495,0.2607438865732384,1.0110464203597334
"Komar, Brandon",-0.3377483400464258,0.6709337089388602,1.008682048985286
"Bloss, Jake",-0.4727021614094532,0.5274056027489346,1.0001077641583878
"Thompson, Paxton",0.0023937920214173,1.002400894545166,1.0000071025237487
"Cerantola, Eric",-0.4562710541908631,0.5409034741839565,0.9971745283748196
"Hicks, James",-0.5886173837585823,0.40321686125027245,0.9918342450088548
"Jeffrey, Madison",-0.4835384978091797,0.4923695598033462,0.9759080576125259
"Clark, Chris",-0.1736197420480401,0.7976624245069432,0.9712821665549833
"Rodríguez, José",-0.7969267356678673,0.17310451129148507,0.9700312469593524
"Cellucci, Brendan",-0.3455537959981685,0.6213338761576126,0.9668876721557811
"Cushing, Jack",0.002177427397841,0.9333438452004009,0.9311664178025599
"Leftwich, Jack",-0.5489616047458385,0.37332199515361963,0.9222835998994582
"Zobac, Steven",0.6508960022157261,1.5624424741167497,0.9115464719010237
"Cohen, Harrison",-0.1698331019082894,0.7314068607835617,0.901239962691851
"Peluse, Colin",-0.3002159999530478,0.5881974057569134,0.8884134057099612
"Sims, Landon",-0.4274757139709354,0.45740464943671566,0.8848803634076511
"Boyer, Logan",0.0896149924422492,0.970061313745646,0.8804463213033967
"Feliz, Neftalí",-0.5476610127026309,0.30538824960708116,0.8530492623097121
"Rustad, Carter",0.0770188389183421,0.9094174375395547,0.8323985986212126
"Heid, Dylan",-0.0360446525159036,0.786249518888962,0.8222941714048656
"Geraldo, José",0.2301323363028583,1.0428779372322121,0.8127456009293539
"Schanaman, Shay",-0.0252335723880977,0.7800117417409818,0.8052453141290794
"Rinehart, Logan",-0.2702215726644199,0.5198781977975938,0.7900997704620136
"Cole, Gerrit",-0.3599061898466895,0.4295562832157192,0.7894624730624087
"Yean, Eddy",-0.3650897231403744,0.4232148815495689,0.7883046046899433
"Scalzo Jr., Frankie",-0.5140445481678974,0.26294066322809645,0.7769852113959939
"Clemens, Kody",-0.6427772388469664,0.13290396484870187,0.7756812036956682
"Messinger, Zach",-0.1139873099164967,0.660662070469664,0.7746493803861607
"Miller, Simon",0.0164852429657451,0.7906836013389102,0.7741983583731652
"Rodriguez, Grayson",-0.2108798384503878,0.5550744011352943,0.7659542395856821
"Sommers, Drew",-0.364033212550946,0.3821921090976793,0.7462253216486253
"Gallegos, Giovanny",-0.6522256190686943,0.08375566262422057,0.7359812816929148
"Plymell, Chase",-0.236886831027555,0.4959167044741488,0.7328035355017039
"Martinez, Xavier",-0.8509526744956246,-0.12776474403454863,0.723187930461076
"Romero, Enny",-0.5929768840096065,0.12435381879210294,0.7173307028017094
"Hunley, Sean",-0.0283513865479827,0.6770194071502262,0.705370793698209
"Danner, Hagen",-0.8364102553294136,-0.13272234353637102,0.7036879117930426
"Vespi, Nick",-0.2416760990088396,0.4602387556264996,0.7019148546353392
"Whorff, Jarret",-0.0698094412059225,0.6296573599139255,0.6994668011198479
"Cabrera, Jean",-0.0923877534123793,0.6058802290851037,0.698267982497483
"Rice, Jake",0.0242177824782091,0.7080847603674767,0.6838669778892676
"Feigl, Brady",-0.1821271986257084,0.5001529452076307,0.682280143833339
"Coleman, Dylan",-0.6147369925737323,0.04876274105809619,0.6634997336318285
"Lockhart, Lael",-0.606785978090286,0.025314606953501073,0.6321005850437871
"Brito, Raul",-0.3851166214833983,0.24052316343579494,0.6256397849191933
"Sinclair, Jack",-0.2858662935190852,0.3371565687810852,0.6230228623001703
"Francisco, Carlos A.",-0.3204245552819388,0.301330244935507,0.6217548002174458
"Vega, Alfred",-0.6669862140129904,-0.05116872006168749,0.6158174939513029
"Cuevas, Michael",-0.0217143178930212,0.5875668191978525,0.6092811370908737
"Bruján, Vidal",-0.5250419406627012,0.08390958383333208,0.6089515244960333
"Snelsire, Hayden",0.1626163276662302,0.7639329734417376,0.6013166457755075
"Houck, Tanner",-0.1889270504606038,0.40322733922677373,0.5921543896873775
"Wiles, Nathan",-0.0075050390977476,0.5808954077981003,0.5884004468958479
"Fausnaught, Braeden",-0.7550827598060345,-0.18554690999142742,0.569535849814607
"Berríos, José",0.0470128004107205,0.614280209475424,0.5672674090647035
"Zhuang, Chen Zhong-Ao",-0.1812293908274146,0.3814475850527177,0.5626769758801323
"Koss, Christian",-0.3861567152377883,0.16948791430814936,0.5556446295459376
"Lugo, Alejandro",-0.0724386865800125,0.48148136507844774,0.5539200516584603
"Ober, Bailey",0.0979230834414103,0.6458881350497221,0.5479650516083118
"Márquez, Germán",-0.0921885748004608,0.44589042499350656,0.5380789997939673
"Castillo, Diego",-0.3288934983338146,0.2091538197947042,0.5380473181285188
"Bowman, Kaleb",-0.1090248407121154,0.42288971321354785,0.5319145539256632
"Morehouse, Zane",-0.1773262866227092,0.34932582935122214,0.5266521159739314
"Sánchez, Ali",-0.5824412560138998,-0.0671060479211395,0.5153352080927603
"Jasiak, Jack",-0.7703512663605879,-0.2558968987422169,0.514454367618371
"Gutierrez, Gerardo",-0.3570716611147541,0.15337750224961433,0.5104491633643684
"Perez, Samuel",-0.2125863316210452,0.2945437487156364,0.5071300803366816
"Bryant, Tyler",-0.3133501115465087,0.19376183059271385,0.5071119421392225
"Bryant, Zach",-0.848992037828721,-0.35085632759475227,0.49813571023396874
"Fried, Max",0.1982199396619109,0.6894821022398856,0.4912621625779747
"Griswold, Rob",-0.0486917236546498,0.44081951007104014,0.48951123372568994
"Bibee, Tanner",0.1619918974051825,0.6499162051107779,0.48792430770559536
"Naughton, Tim",0.4563159450818574,0.9405953657808954,0.484279420699038
"Elder, Bryce",0.0248684035781661,0.5076776160633852,0.48280921248521913
"Costello, Chase",0.3814665417422152,0.8590777650755693,0.4776112233333541
"Hanner, Bradley",0.0603331996873509,0.5374203647596506,0.4770871650722997
"Diekman, Jake",-0.0986209137429178,0.37367923880828163,0.47230015255119945
"Vargas, Luis",0.3022119564280444,0.7716529025878868,0.4694409461598424
"Pallante, Andre",-0.0383895423512978,0.43033346145128964,0.46872300380258747
"Harlow, Josh",-0.2032905148805733,0.2644001050678083,0.46769061994838157
"Heineman, Tyler",-0.7137946778931066,-0.2505513929579235,0.4632432849351831
"Bechtold, Andrew",-0.2596437022716413,0.20184635193728262,0.4614900542089239
"Baz, Shane",0.073534492278933,0.5310388661926873,0.45750437391375426
"Balazovic, Jordan",-0.5909335662698892,-0.1346559246327358,0.45627764163715345
"Littell, Zack",0.032514073575577,0.4868937089050867,0.4543796353295097
"Abbott, Andrew",0.1842282137332408,0.6308620255443166,0.44663381181107575
"Irvin, Jake",-0.0065855651289529,0.4385433628027128,0.4451289279316657
"Santos, Gregory",-0.4753510309178672,-0.03530842374679233,0.44004260717107485
"Gillispie, Connor",-0.0475696534712204,0.39153577151022834,0.4391054249814487
"Diaz, Indigo",-0.5474964307227153,-0.1152617913303624,0.43223463939235285
"Miller, Ryan",-0.3227252106154968,0.10910238355190238,0.4318275941673992
"Bello, Brayan",-0.0454552420143035,0.38388815147512156,0.4293433934894251
"Knowlton, Sam",-0.4615235236226341,-0.037644910124670306,0.4238786134979638
"Pepiot, Ryan",0.1736942121070116,0.5953201992955018,0.4216259871884902
"Sugano, Tomoyuki",0.035285638936078,0.4550777860723359,0.4197921471362579
"Severino, Luis",0.0051084491740449,0.4211913219885628,0.4160828728145179
"Smith, Shane",0.1661829712354533,0.5811273468404564,0.4149443756050031
"Anderson, Ryan",0.0438107936893604,0.4544569901934634,0.410646196504103
"Sears, JP",0.080350315598415,0.48973543969531863,0.40938512409690364
"Anderson, Tyler",0.0416654770716065,0.4465365859695685,0.404871108897962
"Rosario, Amed",-0.6590924525477295,-0.2578572039704221,0.4012352485773074
"Benjamin, Wes",-0.5152966634494354,-0.114426673892567,0.40086998955686837
"De León, Luis",0.0175783410298145,0.41806984910658546,0.400491508076771
"Pallette, Peyton",0.0748216087574455,0.4744712885315968,0.39964967977415133
"Overton, Connor",-0.1282211339955981,0.27108718422510486,0.39930831822070295
"Zimmermann, Bruce",-0.4596453244839084,-0.06321538908247515,0.39642993540143323
"Kudrna, Ben",-0.0042102451909944,0.39147078918221606,0.39568103437321045
"Mosqueda, Oddanier",-0.7958891154999446,-0.4048760319932754,0.3910130835066692
"De León, José",0.3149466015984436,0.7044506737176863,0.3895040721192427
"Jimenez, Yeuris",-0.2382345483589212,0.1510889030789957,0.3893234514379169
"Miller, Bobby",-0.1958414536242184,0.1932152838637387,0.3890567374879571
"Craig, Luke",0.232358237052896,0.6206711536087506,0.3883129165558546
"Pestana, Leonardo",-0.2844106068461612,0.10340967598878958,0.3878202828349508
"Imanaga, Shota",0.1864943744616096,0.5740973006792187,0.3876029262176091
"Vásquez, Randy",-0.0591284880036177,0.3274105261439664,0.38653901414758407
"Quintana, Jose",0.0139076018004702,0.399545314753448,0.38563771295297783
"Dallas, Micah",-0.7073569372661461,-0.32285086934364937,0.38450606792249675
"Kochanowicz, Jack",-0.1280397088282383,0.25345844832192715,0.38149815715016544
"Gallen, Zac",0.1274983036786849,0.506399946833302,0.37890164315461716
"Wilson, Will",-0.4004830915685718,-0.02164281097440801,0.3788402805941638
"Cecconi, Slade",0.0738280466849965,0.44932666208944627,0.3754986154044498
"Karros, Jared",-0.2687061401790928,0.10449218692086748,0.37319832709996026
"Woo, Bryan",0.3068832497407615,0.6798698759680697,0.3729866262273082
"Jones, Stephen",0.1983003296753312,0.5706554830201968,0.3723551533448656
"Warren, Will",0.157661077649573,0.529148105111463,0.37148702746189005
"Jacques, Joe",-0.0630036034170703,0.3050475479912028,0.3680511514082731
"Kremer, Dean",0.1105561844145798,0.4776155924852215,0.3670594080706417
"Rodning, Brody",-0.0812798260433824,0.28520710573373276,0.36648693177711517
"Senzatela, Antonio",-0.1590223431661539,0.2070976732659523,0.36612001643210623
"Romero, Ivran",-0.3802206445582888,-0.015860236009849094,0.3643604085484397
"Corbin, Patrick",0.0636780348099838,0.42581303459092756,0.36213499978094377
"Boyd, Matthew",0.1944183256265649,0.5563086445048021,0.3618903188782372
"Senga, Kodai",0.1281028796844144,0.48764850481396577,0.35954562512955135
"Springs, Jeffrey",0.0711026504345213,0.42918893947153997,0.35808628903701867
"Mastrobuoni, Miles",-0.4441847325961027,-0.08617696439061906,0.35800776820548363
"Pfaadt, Brandon",0.1213517061576734,0.4762185432288214,0.35486683707114797
"Peterson, David",0.0211128940819076,0.3747911406299098,0.35367824654800223
"Gausman, Kevin",0.2417274700371595,0.5949635624889859,0.35323609245182636
"Giolito, Lucas",0.1039215448613155,0.45628753075642675,0.35236598589511126
"Heaney, Andrew",-0.063312523742879,0.28879452137691225,0.35210704511979124
"Suárez, Ranger",0.2322698298160034,0.581602377273841,0.3493325474578376
"Alcantara, Sandy",0.1153200352851312,0.4643727712670569,0.3490527359819257
"Wacha, Michael",0.0521754790680804,0.40116340596269157,0.34898792689461117
"Rogers, Jake",-0.4897504592077807,-0.14195180855476053,0.3477986506530202
"McDonald, Trevor",-0.027180073529707,0.31967091448869533,0.3468509880184023
"Parker, Mitchell",-0.0130879899115822,0.3336662381358838,0.34675422804746603
"Schmidt, Clarke",0.2042162340999228,0.5484810323043099,0.3442647982043871
"Bradley, Taj",0.1575513642494186,0.5017947152554089,0.34424335100599024
"Hebbert, Duque",-0.6089428578989808,-0.26728095157185794,0.3416619063271229
"Luzardo, Jesús",0.2977754291893981,0.6388189909060192,0.34104356171662115
"Smith, Adam",0.1385085863105266,0.4793242094923035,0.3408156231817769
"Rocker, Kumar",0.0764065248005302,0.417033669245584,0.3406271444450538
"Kiest, Tanner",-0.2870789203105904,0.053323820741739025,0.3404027410523294
"Sosa, Gabriel",0.483206096757138,0.8229902362681157,0.33978413951097775
"Dalquist, Andrew",-0.4564827917582997,-0.11696941165352015,0.33951338010477955
"Morton, Charlie",0.0371577596507491,0.3750958943543671,0.337938134703618
"Kolek, Stephen",-0.0094241411279616,0.325370549363416,0.33479469049137756
"Kelly, Merrill",0.1689763051129459,0.5032231640171014,0.3342468589041555
"Rodriguez, Eduardo",0.1429095920915615,0.47395865510446566,0.33104906301290415
"Alexander, Jason",0.0296396825513188,0.360482385075122,0.33084270252380316
"Webb, Logan",0.2629791217706893,0.5919519172196436,0.3289727954489543
"Martin, Davis",0.0501173785427921,0.37898865124562425,0.3288712727028322
"Soriano, José",0.1006258540423855,0.42639872610189916,0.32577287205951366
"Workman, Logan",-0.4024508567056039,-0.07837357197024974,0.32407728473535413
"Leiter, Jack",0.1860059687307547,0.5096042678182604,0.3235982990875057
"Povich, Cade",0.1440697838013285,0.4667845124009426,0.3227147285996141
"Freeland, Kyle",0.0354706035593374,0.35728108225003635,0.32181047869069895
"Williams, Trevor",0.0247015341704443,0.3441370723153585,0.3194355381449142
"Medina, Adonis",-0.5982981404129012,-0.28087756012524834,0.31742058028765285
"Roupp, Landen",0.1004523989744356,0.41655234769390964,0.31609994871947406
"Priester, Quinn",0.087547769030233,0.4021467573510237,0.3145989883207907
"Gil, Luis",-0.0078773706325904,0.30660958209689687,0.3144869527294873
"Lodolo, Nick",0.2150777139250155,0.5288380956916596,0.3137603817666441
"Pereda, Jhonny",-0.4045360829953685,-0.09116819188497416,0.3133678911103943
"Estanista, Jaydenn",0.0643083711160211,0.37732314593513366,0.31301477481911255
"Crochet, Garrett",0.3735597676915677,0.6861414457050905,0.3125816780135228
"Castillo, Luis",0.1518970284869006,0.46376024553319994,0.3118632170462994
"Ray, Robbie",0.2827887414884678,0.5941914039689484,0.31140266248048065
"Young, Brandon",0.0442317978610655,0.35501287046975416,0.31078107260868865
"Farris, Mitch",0.2313912432089955,0.5407807273467511,0.3093894841377556
"Williams, Gavin",0.1802954621384029,0.48843213164627064,0.3081366695078678
"Dobbins, Hunter",0.040660907240836,0.3484758641404586,0.3078149568996226
"Mize, Casey",0.2053166230988569,0.5127015650600978,0.3073849419612409
"Stoudt, Levi",0.2266249611720668,0.5338000503743846,0.30717508920231784
"Houser, Adrian",0.0990872300364501,0.40541648272065656,0.30632925268420647
"Valdez, Framber",0.2094056535602677,0.5151509008155573,0.30574524725528957
"Paddack, Chris",0.0319717035852975,0.33686582811150056,0.30489412452620307
"Liberatore, Matthew",0.0757575713907818,0.3805595971537439,0.30480202576296206
"Scherzer, Max",0.0864077669370024,0.38837271398847173,0.3019649470514693
"Rodón, Carlos",0.3003045647380367,0.6000929295366225,0.29978836479858584
"Miley, Wade",-0.2674880876299966,0.029789188628319918,0.2972772762583165
"Yamamoto, Yoshinobu",0.2901155683825787,0.5853907623631686,0.2952751939805899
"McGreevy, Michael",0.0001226219817056,0.29538388142615757,0.295261259444452
"Hernández, Enrique",-0.5643028639472687,-0.2693474321499,0.2949554317973687
"Sánchez, Cristopher",0.2988330735959774,0.5930199786984778,0.2941869051025004
"Lugo, Seth",0.1240361318166641,0.4177857012317874,0.29374956941512326
"Mikolas, Miles",-0.0243582950596822,0.26870536316952376,0.29306365822920594
"Fedde, Erick",-0.0983780753228796,0.19268353502527824,0.2910616103481578
"Cavalli, Cade",-0.1296134792538819,0.1612420286309204,0.2908555078848023
"Wilson, Bryse",-0.1266754085894214,0.15939995944539537,0.28607536803481676
"Erla, Mason",-0.698220310999181,-0.41373561645361245,0.2844846945455686
"McCullers Jr., Lance",-0.0812583618431431,0.20318294196561887,0.284441303808762
"Verlander, Justin",0.1187732768111736,0.4024209472114554,0.28364767040028177
"Bielak, Brandon",-0.0427448983363986,0.23853879071026146,0.28128368904666007
"Skubal, Tarik",0.4684717102357755,0.7492343765385439,0.28076266630276836
"Taillon, Jameson",0.1407300021078064,0.42128233529026277,0.28055233318245637
"Bragg, Kade",-0.5128753413356764,-0.23254349386486395,0.2803318474708124
"Gore, MacKenzie",0.2907957267068528,0.5700430906114391,0.2792473639045863
"Brown, Hunter",0.3462507312007658,0.6217450494990261,0.27549431829826027
"Castro, Kervin",-0.5252792501627489,-0.24978989996216472,0.2754893502005842
"Daniel, Davis",-0.0294691384047763,0.24536480316783393,0.2748339415726102
"Kershaw, Clayton",0.002521825909726,0.2771990732547562,0.2746772473450302
"Holmes, Grant",0.1536908535686169,0.4282839561404167,0.2745931025717998
"Bassitt, Chris",0.0963164931232678,0.3704420775032359,0.2741255843799681
"Frías, Luis",0.3737394567596706,0.6455377180987583,0.2717982613390877
"Juenger, Hayden",0.0540893054096292,0.3256073475149802,0.271518042105351
"Thompson, Keegan",0.1821289596553797,0.4534044524247654,0.2712754927693857
"Gordon, Tanner",0.0497834804253014,0.3206339526875858,0.2708504722622844
"Ortiz, Luis L.",0.1398626138547572,0.4101693731057793,0.2703067592510221
"Walker, Taijuan",-0.0753899000521782,0.1945723747420252,0.2699622747942034
"Burke, Sean",0.1173724944003408,0.38421566259352136,0.26684316819318055
"Burns, Tanner",-0.6062849325382333,-0.3417756579088138,0.26450927462941953
"Mazur, Adam",-0.1451671750814073,0.11846409097048272,0.26363126605189
"Peralta, Freddy",0.3599918895308868,0.6187041772355492,0.25871228770466237
"Hendricks, Kyle",0.0175962160064904,0.2759888053909017,0.2583925893844113
"Scholtens, Jesse",0.0711772893020196,0.3295297446786559,0.2583524553766363
"Tomkins, Landon",0.1373846290313738,0.3944022535258964,0.2570176244945226
"Wilson, Weston",-0.3263926881551556,-0.06959892945383062,0.256793758701325
"Kikuchi, Yusei",0.1886271244932623,0.44442379635555207,0.25579667186228977
"deGrom, Jacob",0.3463456262031641,0.600064584951758,0.25371895874859385
"May, Dustin",0.1099200401559611,0.3619134112561908,0.2519933711002297
"Singer, Brady",0.1402421017138231,0.3921374920026188,0.2518953902887957
"Pivetta, Nick",0.3233889950698452,0.5743696215714678,0.25098062650162256
"Reifert, Evan",-0.2828212769881052,-0.03285870289361381,0.2499625740944914
"Cameron, Noah",0.165197128436954,0.4133452775490953,0.24814814911214128
"Díaz, Miguel",0.4440635940615378,0.6908644934274968,0.246800899365959
"Keller, Mitch",0.1650365113677601,0.4106802382457849,0.24564372687802483
"Gibson, Kyle",-0.1913387807079296,0.053566516155317156,0.24490529686324675
"Rajcic, Max",-0.7081331796853598,-0.4669601815838308,0.24117299810152903
"Tidwell, Blade",-0.1165196685638297,0.12322344856844908,0.23974311713227878
"Braun, Lucas",-0.789032141833169,-0.5504004963826706,0.23863164545049842
"Ryan, Joe",0.3668520407138801,0.6047573109480431,0.23790527023416297
"Merkel, Nick",0.1220610845321415,0.3598824556607335,0.23782137112859203
"Kirby, George",0.1652295484328926,0.40242548073319306,0.23719593230030048
"Schlittler, Cam",0.2790418741589557,0.5152394827515708,0.23619760859261513
"Boyle, Joe",0.2912750106239885,0.5270740754631684,0.23579906483917995
"Hoffman, Nolan",0.0718550474139857,0.3070051450164683,0.23515009760248262
"Iriarte, Jairo",-0.1514240009249276,0.08334725576923568,0.2347712566941633
"Schwellenbach, Spencer",0.2658213380052195,0.5005764977815554,0.23475515977633593
"Buchanan, David",-0.6215025535570409,-0.3870005503733921,0.23450200318364878
"Tamarez, Misael",-0.4324486503665238,-0.19952979544793303,0.23291885491859077
"Strider, Spencer",0.2299500623019365,0.46163821555376605,0.23168815325182956
"Hjerpe, Cooper",-0.4410001746113098,-0.21099754294494533,0.23000263166636448
"Díaz, Jhonathan",-0.049944782656025,0.1794446182433977,0.2293894008994227
"Manning, Matt",-0.3502483304307772,-0.12282742581771422,0.22742090461306297
"Dollander, Chase",0.0712442471838006,0.2979419156154353,0.22669766843163472
"Matthews, Zebby",0.1951700930148522,0.4206035604878106,0.22543346747295842
"Mateo, Jorge",-0.7097465708734108,-0.4859733869365127,0.22377318393689805
"Rasmussen, Drew",0.1158061176783282,0.336892889804986,0.22108677212665778
"Bubic, Kris",0.2151327170466374,0.4341627574614457,0.21903004041480834
"Dunn, Justin",-0.4525877421114606,-0.23361079460748457,0.218976947503976
"Olson, Reese",0.1704520946452855,0.3893864009913517,0.2189343063460662
"Porter, Logan",-0.5859383453012186,-0.3681072549455595,0.21783109035565906
"Barnett, Mason",-0.0657410061419698,0.15166765775985752,0.21740866390182734
"Rea, Colin",0.0849205100890219,0.3013105269153091,0.21639001682628717
"Morgan, Eli",-0.0146159958749809,0.20128875031248217,0.21590474618746308
"Ginn, J.T.",0.2367045083531958,0.4470602232267308,0.21035571487353497
"Toussaint, Touki",0.0202826971293491,0.2298979852035098,0.2096152880741607
"Francis, Bowden",0.0436969361661119,0.25293964201309693,0.20924270584698504
"Glasnow, Tyler",0.3215148445048711,0.5294681682917026,0.2079533237868315
"Webb, Ryan",-0.0953481084986013,0.11259804262949324,0.20794615112809456
"Lopez, Jacob",0.2128147796540891,0.4206937964278509,0.20787901677376178
"Sale, Chris",0.429499229141293,0.6370862922900543,0.2075870631487613
"Allen, Logan",0.0386382802991973,0.24481501456746246,0.20617673426826516
"Vázquez, Luis",-0.5301940726689702,-0.3250950654302336,0.20509900723873664
"Gusto, Ryan",0.0950364278014446,0.2998711352160864,0.20483470741464177
"Snell, Blake",0.3000191112590072,0.5047488055599512,0.20472969430094395
"Cannon, Jonathan",-0.0260814502812858,0.1763194190891199,0.20240086937040572
"Lorenzen, Michael",0.1165081586445126,0.31875058834622977,0.20224242970171719
"Buehler, Walker",0.0325741662215457,0.23104018065884757,0.19846601443730189
"Higginbotham, Jake",-0.6054897511333032,-0.4080707321763911,0.19741901895691205
"Diamond, Derek",0.2420712270648749,0.437759123784275,0.1956878967194001
"Cortes, Nestor",0.0086287452030511,0.20263539594849161,0.19400665074544052
"Berti, Jon",-0.4878305009140323,-0.29467671906703474,0.19315378184699755
"Holmes, Clay",0.0139071725483529,0.2067226164662594,0.1928154439179065
"Gray, Sonny",0.2469498438614658,0.43901640284133736,0.19206655897987157
"Alford, Peyton",0.2645385652160696,0.45596279946368656,0.19142423424761695
"Falter, Bailey",-0.0404580476810895,0.1504231548436169,0.19088120252470642
"Dodson, Tanner",0.165659941298721,0.3564728952523215,0.1908129539536005
"Lancaster, Jackson",-0.8192296091837008,-0.6288134582996955,0.19041615088400532
"Flaherty, Jack",0.3295994830460102,0.5188586369001705,0.1892591538541603
"Newman, Kevin",-0.4275423316921154,-0.23898595969096115,0.18855637200115427
"Menendez, Antonio",-0.6699571027063779,-0.4846329824959964,0.18532412021038147
"Gowdy, Kevin",-0.2990651518216866,-0.11457004782171276,0.18449510399997382
"Rogers, Trevor",0.3526234593015404,0.5370775583045904,0.18445409900305
"Harper, Daniel",-0.2828217408092932,-0.10177794780873428,0.1810437930005589
"Early, Connelly",0.4378858109485701,0.6149814392924303,0.17709562834386022
"Gilbert, Logan",0.4106252715337329,0.5875806652894442,0.1769553937557113
"Jennings, Ryan",-0.6247551312412701,-0.44841913487044527,0.17633599637082487
"Woods Richardson, Simeon",0.1967890463885163,0.37284387492971827,0.17605482854120197
"Bash, Andrew",-0.5286309911492175,-0.35444487350179443,0.1741861176474231
"Franklin, Zach",-0.1753237958649083,-0.002450626370935516,0.17287316949397277
"Romero, Carlos",-0.8182080542364768,-0.6457329205042249,0.17247513373225187
"Nola, Aaron",0.2776262165920844,0.4478087519259399,0.17018253533385547
"Burnes, Corbin",0.1990207686935943,0.3688194758098897,0.1697987071162954
"Gomber, Austin",-0.147368706508449,0.021827547274326675,0.16919625378277567
"Hernandez, Nick",0.0477951199103928,0.21665601874564755,0.16886089883525474
"Festa, David",0.1183053988350406,0.28614673055742573,0.16784133172238513
"Poteet, Cody",-0.429493178664184,-0.261893989986998,0.16759918867718604
"Smith, Burch",-0.4848750463067048,-0.3176622278878293,0.16721281841887553
"Stroman, Marcus",-0.0490630304646266,0.11752691298901707,0.16658994345364367
"Messick, Parker",0.1028263142505259,0.268743366149947,0.16591705189942108
"Sandridge, Jayvien",0.1587866373465413,0.32303274906551105,0.16424611171896975
"Schultz, Noah",0.1022847326050299,0.26649214836254603,0.16420741575751613
"Civale, Aaron",0.1176954302048118,0.28048452283044667,0.16278909262563487
"Huff, Chance",-0.6996316215581168,-0.5377267105445552,0.16190491101356153
"Pintaro, Jonathan",-0.1485066374418456,0.010955140801447993,0.1594617782432936
"Kuhnel, Joel",0.0141332818665966,0.17263611302173815,0.15850283115514155
"Goss, JJ",-0.0375164027239643,0.12085526546758324,0.15837166819154755
"Hughes, Gabriel",-0.4544394553730553,-0.3003910135392952,0.1540484418337601
"Gipson-Long, Sawyer",0.0469669041006467,0.19695535548484205,0.14998845138419536
"Castaño, Blas",-0.454893605570452,-0.30892054775079825,0.14597305781965375
"Hicks, Jordan",-0.0506957340222865,0.0951739139817776,0.1458696480040641
"Herrera, Jose",-0.571410491607214,-0.42565789647961216,0.14575259512760186
"Bride, Jonah",-0.4588081480484506,-0.3136644455784535,0.14514370246999708
"Sellinger, Jack",-0.1286110030091739,0.016419417347071197,0.1450304203562451
"Skenes, Paul",0.3980532329901751,0.5428554624396433,0.14480222944946824
"Eovaldi, Nathan",0.2706898048264421,0.41527994420593617,0.14459013937949405
"Weathers, Ryan",0.0812273977756856,0.22525538212238821,0.1440279843467026
"Patrick, Chad",0.2461963058156847,0.38848603938568105,0.14228973356999636
"Martinez, Nick",0.0473307742822936,0.18863313478516086,0.14130236050286726
"Miller, Tyson",0.197248678655895,0.3342990999666348,0.13705042131073983
"Shaw, Bryan",-0.5581150399544811,-0.42184520115784796,0.13626983879663312
"Cabrera, Edward",0.1839749895071905,0.31994233205272393,0.13596734254553344
"Walston, Blake",-0.2116848431921436,-0.07612052875669995,0.13556431443544364
"Leibrandt, Brandon",-0.2115243937114459,-0.07621377929946793,0.13531061441197798
"McLean, Nolan",0.3683866030462904,0.5030722488169815,0.13468564577069114
"Gomez, Michael",0.4043050831301127,0.537319303200377,0.1330142200702643
"Mahle, Tyler",0.0670695195928507,0.19930650564386537,0.1322369860510147
"Monteverde, Patrick",-0.0084633193524218,0.12228692188409412,0.13075024123651593
"Burns, Chase",0.2884384603639749,0.4172888987063391,0.1288504383423642
"Sanmartin, Reiver",0.0507870431065474,0.1782239434723608,0.1274369003658134
"Brown, Ben",0.2434337275334889,0.37005129422419847,0.12661756669070956
"Hartwig, Grant",-0.2099225580839859,-0.08362191645723394,0.12630064162675197
"Curry, Xzavion",-0.2414678609279105,-0.11752360106827353,0.12394425985963697
"Criswell, Cooper",-0.2187946036425829,-0.09500358937260778,0.12379101426997513
"Sweet, Devin",-0.5052460135548609,-0.38318632590571566,0.12205968764914521
"Palisch, Jake",-0.4976531430876341,-0.375922751042024,0.12173039204561009
"Miller, Bryce",0.0676287373436546,0.18932610531123684,0.12169736796758224
"Eflin, Zach",0.0252719315880979,0.146041572835018,0.1207696412469201
"Yan, Jefry",-0.5071926484832993,-0.3864828790310062,0.12070976945229306
"Quantrill, Cal",0.0615444957619489,0.18096019178426143,0.11941569602231253
"Gonsolin, Tony",0.1905493744353324,0.3087899779393054,0.118240603503973
"Sanoja, Javier",-0.6046801599006207,-0.4872881701284494,0.11739198977217136
"Flynn, Michael",0.1592812329017928,0.27405730896222724,0.11477607606043444
"Sheehan, Emmet",0.4082326093342346,0.5211230334934859,0.11289042415925127
"Heasley, Jonathan",-0.3118640711701521,-0.20055077297727386,0.11131329819287822
"Roberts, Austin",0.4410886863797658,0.5523620362492849,0.11127334986951914
"Piña, Robinson",-0.4431981079346898,-0.3323398211620685,0.11085828677262127
"Graveman, Kendall",-0.3380314675691079,-0.2274106781964419,0.110620789372666
"Nelson, Ryne",0.161416577189677,0.27132236657300646,0.10990578938332946
"Soroka, Michael",0.1707835110040344,0.2798793686941654,0.109095857690131
"Maile, Luke",-0.1706524653238659,-0.06300505394588529,0.10764741137798062
"Duran, Ezequiel",-0.2858492746076993,-0.1790945659590245,0.10675470864867481
"Bauers, Jake",-0.4353988052718987,-0.32996550513749545,0.10543330013440327
"Brown, McCade",-0.0388196118276964,0.06350180604409916,0.10232141787179556
"Hill, Rich",-0.3172531674048074,-0.21619850599168622,0.1010546614131212
"Abeyta, Blane",-0.6658156723797928,-0.5649606364209484,0.10085503595884437
"López, Reynaldo",-0.2623706502869097,-0.1618065458171558,0.10056410446975389
"Freeman, Caleb",-0.1004124805945371,1.0560674350346133e-05,0.10042304126888744
"Madden, Ty",-0.1770114305575406,-0.07669078661345918,0.10032064394408141
"Natera Jr., Samy",0.5152971673730438,0.6141452976161477,0.0988481302431039
"Torres Jr., Lenny",-0.15861530697204,-0.06015558791709763,0.09845971905494236
"Feyereisen, J.P.",-0.0945061750955703,0.003625380703603409,0.09813155579917371
"Hancock, Emerson",-0.0500343167425259,0.04567546695352609,0.09570978369605199
"Evans, Logan",0.0342876258861031,0.1296841471646124,0.09539652127850931
"Burleson, Alec",-0.6609641540367827,-0.5682468661923724,0.09271728784441025
"Cease, Dylan",0.3729618689106349,0.4653576732565609,0.09239580434592604
"Campbell, Isaiah",-0.426723938598519,-0.33598984132707355,0.09073409727144544
"Burrows, Mike",0.1715867866631764,0.26095702312118235,0.08937023645800596
"Smith, Hagen",-0.2197165173486043,-0.13143526611213252,0.08828125123647179
"Cantillo, Joey",0.191788903759732,0.2784792339142942,0.08669033015456218
"Aoyagi, Koyo",0.2081689633779981,0.29438907856766616,0.08622011518966807
"Pop, Zach",-0.3859669507739216,-0.30044649854772076,0.08552045222620086
"Lively, Ben",0.075514001481039,0.15911138972486788,0.08359738824382888
"Davis, Noah",0.0793583794686455,0.16216109343036028,0.08280271396171478
"Alexander, Tyler",0.0957066707533928,0.17848678124217504,0.08278011048878224
"Walter, Brandon",0.2460110721693633,0.32773778524834596,0.08172671307898266
"Smith-Shawver, AJ",0.1458684507131071,0.2269190368770912,0.08105058616398408
"Canning, Griffin",0.2591990573256075,0.33911582581830574,0.07991676849269824
"Hughes, Brandon",-0.426235938979447,-0.3492754824789053,0.07696045650054173
"Gómez, Yoendrys",0.1147570391771929,0.19053352569811077,0.07577648652091787
"Blalock, Bradley",-0.0754769926709515,-0.004973086321311437,0.07050390634964006
"Fitts, Richard",0.0064745485873228,0.07666177233616572,0.07018722374884293
"Gordon, Colton",0.0778384563420708,0.1474927539626601,0.06965429762058929
"Loutos, Ryan",-0.2986483812507154,-0.23023373302363936,0.06841464822707605
"Watson, Ryan",-0.1757898537411026,-0.10784061784050358,0.06794923590059901
"Wheeler, Zack",0.4213281367402448,0.4888375964737687,0.0675094597335239
"Nowlin, Jaylen",-0.0691876723982508,-0.002801403065918695,0.0663862693323321
"Rangel, Alan",-0.0188814936682552,0.04428868964775723,0.06317018331601243
"Tavera, Carlos",-0.5977222276186204,-0.5347421142785332,0.06298011334008713
"Stefanic, Michael",0.0718434846449314,0.134727909822212,0.0628844251772806
"Weiman, Blake",-0.4009770048425892,-0.3381064932978427,0.06287051154474649
"Jump, Gage",0.5793661452902406,0.6405133810980242,0.061147235807783695
"Sproat, Brandon",0.049632729434709,0.10915142057825483,0.059518691143545834
"Cruz, Fernando",0.3003704761375679,0.3589099351350748,0.0585394589975069
"Carey, Jack",-0.6353203510690976,-0.5781000148679732,0.05722033620112432
"Anderson, Justin",0.1094334373866232,0.16486045166706864,0.05542701428044544
"Wentz, Joey",0.1006834899263222,0.15585536122923527,0.05517187130291307
"Teng, Kai-Wei",0.3082302148281226,0.3624794756410482,0.05424926081292564
"Herget, Kevin",-0.1313849386653939,-0.0778008266786786,0.05358411198671531
"Birlingmair, Reid",-0.3210139981172558,-0.26846019173613744,0.05255380638111834
"Ramos, Wilkin",0.2699067045492169,0.32010341880046916,0.05019671425125227
"Misiorowski, Jacob",0.420697481763955,0.470258469349648,0.049560987585692995
"Anderson, Jack",-0.2692638453003387,-0.21990891279346547,0.04935493250687323
"Tinoco, Jesus",-0.1202504780360785,-0.07306398677074,0.0471864912653385
"Pérez, Martín",0.1856691376157914,0.2317126886688891,0.04604355105309771
"Padilla, Nicholas",-0.6057371639362401,-0.5597329258849234,0.046004238051316704
"Horton, Cade",0.1436542402220553,0.1883896139188736,0.04473537369681829
"Feltner, Ryan",0.0455208866419086,0.08951473671386562,0.04399385007195702
"Blanco, Ronel",0.151652960279197,0.19419266173681704,0.04253970145762004
"Cosgrove, Tom",0.1484833448179969,0.19063269745202804,0.042149352634031134
"McKenzie, Triston",-0.1908542651974697,-0.14871990560499515,0.04213435959247455
"Waldrep, Hurston",0.2751068257754366,0.3161748725875908,0.0410680468121542
"Aldegheri, Sam",-0.2981793925239607,-0.2574118586270939,0.04076753389686677
"Acosta, Daison",-0.267101517916236,-0.22713777225396092,0.03996374566227506
"Farmer, Kyle",-0.714871258714945,-0.6780677532046048,0.03680350551034017
"Brentz, Jake",-0.570262517537245,-0.533990260697592,0.03627225683965296
"Matzek, Tyler",-0.19289241244565,-0.15769112159664,0.03520129084901
"Stock, Robert",-0.2282671001902536,-0.19362452503864824,0.03464257515160535
"Kingery, Scott",-0.2264981972561224,-0.19356021273849067,0.032937984517631747
"Blackburn, Paul",0.0132908169549687,0.04610357915826113,0.032812762203292434
"Morris, Kade",1.143634807068667,1.1763086895488546,0.032673882480187544
"Gasser, Robert",-0.3404794073086657,-0.30936699505798904,0.03111241225067668
"Farmer, Buck",-0.0283809349465563,0.002555233943921875,0.030936168890478174
"Thomas, Connor",-0.2167555244132614,-0.18736710989534766,0.02938841451791374
"Darvish, Yu",0.1393352553912118,0.16804577228074918,0.02871051688953738
"McCormick, Chas",-0.5250105949138301,-0.4979909702322781,0.027019624681551946
"Castro, Miguel",-0.0958147492102778,-0.06944765549492493,0.02636709371535287
"Hamel, Dom",-0.2870104247633391,-0.2607355398098806,0.026274884953458477
"Briceno, Endrys",-0.143642954726152,-0.11937322222304514,0.02426973250310685
"Slater, Austin",-0.8309484009870381,-0.8078427372931879,0.023105663693850254
"López, Pablo",0.2323015485883905,0.25390390846529337,0.02160235987690287
"Lawrence, Casey",-0.2062903415858736,-0.1871253526581511,0.019164988927722476
"Ueckert, Cayne",-0.3169712540414056,-0.2985329341823001,0.01843831985910549
"Scott, Tayler",-0.0478731275805947,-0.029603399256599605,0.018269728323995094
"Anderson, Nick",-0.2202894929897131,-0.2044300144331519,0.015859478556561196
"Jankowski, Travis",-0.8287809209691854,-0.8132073447466323,0.015573576222553176
"McKinstry, Zach",-0.7964442517573479,-0.7812123375824235,0.015231914174924421
"Duran, Carlos",-0.7186162111334663,-0.7034413738302575,0.015174837303208788
"Junk, Janson",0.1216435802617377,0.13673391875939717,0.015090338497659464
"Ashcraft, Graham",0.0663179478748129,0.08117140484335966,0.014853456968546758
"Manaea, Sean",0.3439870049836978,0.35876310623544266,0.014776101251744889
"Birdsong, Hayden",0.1453858183005204,0.15984149347085513,0.014455675170334747
"Hart, Kyle",0.0799493208530183,0.0940693611496341,0.014120040296615802
"Latz, Jacob",0.1636057601865018,0.17720070200854848,0.01359494182204668
"Lord, Brad",0.0753289087979124,0.08761870608509614,0.01228979728718374
"Weems, Jordan",-0.5769436658200986,-0.565331657192622,0.011612008627476578
"Hatch, Thomas",-0.1258148059437466,-0.11421388426811319,0.011600921675633424
"Choban, Brady",-0.727552322425549,-0.7165654745072164,0.010986847918332598
"Kopps, Kevin",-0.6506567945789921,-0.6401288083297404,0.010527986249251664
"Neighbors, Tyson",-0.8721299370716853,-0.8623161326472985,0.00981380442438684
"Mikolajchak, Nick",-0.6852404906971427,-0.6756530676850964,0.009587423012046292
"Anderson, Ian",-0.1741192621471927,-0.1664743153457614,0.007644946801431296
"Stripling, Ross",-0.2860186214294488,-0.27843215513466335,0.007586466294785432
"Stallings, Jacob",0.0006980183881044,0.0075181837796013395,0.0068201653914969395
"González, Luis",-0.4766182765497494,-0.4705342229003674,0.006084053649382026
"Cruz, Yovanny",-0.4832203844529914,-0.4784165903115881,0.004803794141403306
"Toro, Abraham",-0.7130960972519462,-0.7088222371942391,0.004273860057707135
"Lynch IV, Daniel",0.0408739760769726,0.04377674902776307,0.002902772950790472
"Rodriguez, Dionys",0.377066689826451,0.3789325782487033,0.0018658884222523264
"Hummel, Cooper",-0.6077888301903451,-0.6063489092361113,0.001439920954233842
"Montero, Keider",0.0429688351750421,0.04279157157938529,-0.0001772635956568125
"Steele, Justin",0.1974463666174446,0.19545363784288755,-0.0019927287745570565
"Trevino, Jose",-0.4635616832974439,-0.46636808899297544,-0.002806405695531533
"Simonelli, Anthony",0.0306581459252549,0.027553474637208808,-0.0031046712880460937
"Hoglund, Gunnar",-0.0415816408270402,-0.04775588910765194,-0.0061742482806117355
"Swanson, Erik",-0.2507755324263687,-0.25703265860212476,-0.006257126175756078
"Pannone, Thomas",-0.7028220938664473,-0.7091720714609914,-0.006349977594544032
"Owens, Tyler",-0.1962458680757406,-0.20283593509608588,-0.006590067020345286
"Rivera, Emmanuel",-0.6831687242608669,-0.6897728046114627,-0.006604080350595787
"Fulmer, Carson",-0.056145352574647,-0.06332607303831306,-0.0071807204636660585
"Soriano, George",-0.0079747287893943,-0.015582690365001817,-0.007607961575607516
"Askew, Keyshawn",-0.73329731251093,-0.7434522791032155,-0.010154966592285541
"Boyle, Sean",0.3218729357319462,0.3095104127257761,-0.012362523006170079
"Pérez, Cionel",0.0450739052682421,0.032634920984405236,-0.012438984283836864
"Harris, Hayden",-0.3726199929437978,-0.3851249868494506,-0.01250499390565285
"Mlodzinski, Carmen",0.1210040409051491,0.10834662333960116,-0.012657417565547946
"Gillaspie, Logan",-0.1989604543477989,-0.21380980662705773,-0.01484935227925882
"Suarez, José",0.0149887970862104,-0.0007279660263836973,-0.015716763112594095
"Mills, Wyatt",-0.3538893404295541,-0.3700990117226933,-0.016209671293139216
"Jobe, Jackson",0.0324200595277616,0.015257631732637611,-0.01716242779512399
"Kriske, Brooks",0.0232775357067783,0.005545411723394289,-0.017732123983384012
"Adams, Travis",-0.0401892026510823,-0.05823712654750468,-0.01804792389642238
"Lara, Andry",-0.2408768338836129,-0.25915875515751885,-0.01828192127390596
"MacIver, Willie",-0.4415561208565801,-0.46053347142276657,-0.01897735056618649
"Hughes, Jonathan",-0.5190784238097412,-0.5391970675208527,-0.020118643711111495
"King, Michael",0.1910591730777381,0.17003404810018818,-0.02102512497754991
"Arrighetti, Spencer",0.1684241074770085,0.14711431365546251,-0.02130979382154599
"Karinchak, James",-0.2015821454327906,-0.22372429128224636,-0.022142145849455758
"Raquet, Nick",0.3066269335342496,0.28411732631557074,-0.02250960721867884
"Garcia, Brandyn",-0.0836992009786049,-0.10655401334362413,-0.022854812365019225
"Urquidy, José",-0.0127861629033734,-0.03591547556023944,-0.02312931265686604
"Pomeranz, Drew",0.2612104898597184,0.2357370334624001,-0.025473456397318295
"Ureña, José",-0.126882643216772,-0.15326833965045605,-0.026385696433684047
"Mushinski, Parker",0.2072859151362506,0.17903339586091915,-0.028252519275331456
"Rivas, Leo",-0.7124950371874409,-0.742629530918378,-0.03013449373093713
"Baum, Tyler",-0.4652751803438486,-0.49854674984232117,-0.03327156949847254
"Sauer, Matt",-0.0316130625688838,-0.06491225248766153,-0.03329918991877773
"Vargas, Carlos",-0.0486285232428493,-0.08200949601383611,-0.03338097277098681
"Drohan, Shane",0.0647862528058598,0.03136986063787395,-0.03341639216798585
"Chivilli, Angel",-0.0264169130836131,-0.0610102355218759,-0.0345933224382628
"Ogasawara, Shinnosuke",0.0052281288929161,-0.029710448065773276,-0.03493857695868938
"Roa, Christian",-0.0018951659244953,-0.037627882721854244,-0.03573271679735895
"Dobnak, Randy",0.1940892479355077,0.15773269957170127,-0.03635654836380642
"Torrens, Luis",-0.7074694726116979,-0.743905264919258,-0.03643579230756011
"Barnes, Jacob",-0.2673390699351223,-0.3040506506402406,-0.03671158070511832
"Gose, Anthony",-0.0739084505415429,-0.11071402878789516,-0.036805578246352263
"Montas, Frankie",-0.0056378046129066,-0.04349820193600851,-0.03786039732310191
"Javier, Cristian",0.1843090991134802,0.143299975036825,-0.04100912407665519
"Covey, Dylan",-0.4671741424014053,-0.5082156631353768,-0.04104152073397149
"Guerrero, Luis",-0.1737630777841878,-0.21512070510845838,-0.04135762732427056
"Estes, Joey",-0.1607140295839661,-0.20216407069537345,-0.04145004111140735
"Hahn, Jesse",-0.2426921886164576,-0.2849940301403565,-0.0423018415238989
"Ventura, Jordany",0.0252754804932662,-0.01809290710663125,-0.04336838759989745
"Rooney, John",-0.0319473012580806,-0.07662253675203023,-0.04467523549394963
"Cooper, Riley",0.5518268163477495,0.5062314255448381,-0.04559539080291142
"Ellard, Fraser",0.0805924898164565,0.0349093485190729,-0.0456831412973836
"Palmquist, Carson",-0.101223842214528,-0.14791188389064147,-0.04668804167611347
"Bergert, Ryan",0.1856805531235087,0.13822449644300322,-0.04745605668050548
"Carrasco, Carlos",0.0565330084257621,0.008517891073348216,-0.048015117352413886
"Keener, Seth",0.1781718488332383,0.13007996504238445,-0.04809188379085386
"Hedges, Austin",-0.3054017987505361,-0.3541033569615646,-0.048701558211028506
"King, John",-0.1488380396036654,-0.19775134286578588,-0.04891330326212048
"Alvarez, Nelson L.",0.5350295360003319,0.48563987617786264,-0.049389659822469234
"Lauer, Eric",0.2461624411273759,0.19607222920304052,-0.05009021192433538
"McDermott, Chayce",-0.1597577436779701,-0.21027416420046874,-0.050516420522498634
"Assad, Javier",-0.0691963722461704,-0.11977937902533986,-0.050583006779169465
"Lee, Korey",-0.422717603297323,-0.47408208295478527,-0.05136447965746227
"Yastrzemski, Mike",-0.7348791079316792,-0.7869740092694234,-0.05209490133774419
"Newcomb, Sean",0.1320142378663875,0.07939272418938564,-0.05262151367700185
"Morales, Luis",0.0935752843480645,0.040800785236332904,-0.0527744991117316
"Bellozo, Valente",-0.0220849316894936,-0.07510071685404518,-0.053015785164551577
"Mercado, Michael",-0.0177113547812889,-0.07137543811742608,-0.05366408333613718
"Woodruff, Brandon",0.3836774124031304,0.3293584906913214,-0.05431892171180902
"Bradish, Kyle",0.515345790638313,0.4608179280696773,-0.05452786256863568
"Greene, Hunter",0.4099304514525838,0.3553509301277236,-0.05457952132486016
"Morgan, David",0.1870011922998705,0.13112674336728375,-0.05587444893258675
"de Geus, Brett",-0.5022621472049523,-0.5590706463368101,-0.056808499131857815
"Emanuels, Stevie",-0.3910839352837676,-0.44867819053480773,-0.057594255251040116
"Whisenhunt, Carson",0.0085648727670865,-0.04906707351512818,-0.05763194628221468
"Triolo, Jared",-0.529770341065356,-0.5895676891374849,-0.059797348072128886
"Stuart, Baron",-0.2450300110217775,-0.30670841451629793,-0.061678403494520445
"Castillo, Luis F.",-0.2822518318961459,-0.34591065217223604,-0.06365882027609016
"Ragans, Cole",0.4862042179144681,0.42171360516519635,-0.06449061274927176
"Peraza, Oswald",-0.6713288354501799,-0.7360453013116058,-0.06471646586142599
"Scott, Tanner",0.1887700566464188,0.12270979376956864,-0.06606026287685016
"Tong, Jonah",0.0482666469998683,-0.018051022012325113,-0.06631766901219341
"Chandler, Bubba",0.1334815237547501,0.06603761522107637,-0.06744390853367371
"Thornton, Trent",-0.0360689660432429,-0.10452967641896138,-0.06846071037571848
"Rolison, Ryan",-0.0891259651297226,-0.15856978141855282,-0.06944381628883023
"Suero, Wander",-0.0028003505251552,-0.07256824864972411,-0.0697678981245689
"Pham, Alex",-0.178838577748339,-0.24862703185090962,-0.06978845410257062
"Dana, Caden",0.0707062057337318,0.0008992267659500008,-0.0698069789677818
"Wells, Levi",-0.1618122043779797,-0.23175379928129414,-0.06994159490331445
"Megill, Tylor",0.3194299907574024,0.24944067277986048,-0.06998931797754193
"Cronin, Declan",0.0213040003140385,-0.04917614880024024,-0.07048014911427875
"Abreu, Albert",-0.399414281934674,-0.4699418167026127,-0.07052753476793872
"Olson, Emmett",-0.5479959306933686,-0.6188889090416952,-0.07089297834832664
"Gage, Matt",-0.0524438965159781,-0.1237594790094585,-0.0713155824934804
"Arias, Luarbert",-0.1215274667434817,-0.19318976717894398,-0.07166230043546229
"Lucas, Easton",0.0585314522235492,-0.015627328055653145,-0.07415878027920234
"Sasaki, Roki",0.1614703374076134,0.08698083330330142,-0.07448950410431199
"Yesavage, Trey",0.5454497771368584,0.47069960710629455,-0.07475017003056383
"Ríos, Yacksel",-0.8399452248794214,-0.9153147031004168,-0.07536947822099549
"Harris, Trent",0.0542217966070276,-0.021529752227268162,-0.07575154883429576
"Murdock, Noah",0.0179318360305375,-0.058621973075858924,-0.07655380910639642
"Casparius, Ben",0.1706474707876568,0.09392152191075387,-0.07672594887690293
"Wells, Tyler",0.191865190699103,0.11499291297891351,-0.07687227772018948
"Quijada, José",-0.1565806387167884,-0.23407910868269755,-0.07749846996590914
"Hernández, Carlos",0.0865592649035043,0.008498820111563221,-0.07806044479194107
"Yarbrough, Ryan",0.1857597181746167,0.10756332038844518,-0.07819639778617152
"Tyler, Kyle",-0.134288508672158,-0.21325441671603362,-0.07896590804387563
"Hodge, Porter",0.1266149913128903,0.047273744606969204,-0.0793412467059211
"Blewett, Scott",-0.0910463439409074,-0.17046044740473576,-0.07941410346382836
"Nastrini, Nick",0.1895636760017784,0.10995087651174495,-0.07961279949003344
"Taylor, Troy",-0.563990594071895,-0.6444228587212718,-0.0804322646493768
"Baker, Bryan",0.2864376460304502,0.20350224229171315,-0.08293540373873703
"Thompson, Mason",-0.061837952008129,-0.1459691604434301,-0.08413120843530111
"Cano, Yennier",0.0691817012042528,-0.015464642315905275,-0.08464634352015807
"Zerpa, Angel",0.1179478807808169,0.03320216893027916,-0.08474571185053774
"Wilson, Steven",0.1161987844707662,0.031094040426081992,-0.08510474404468421
"Beeks, Jalen",0.1333059788365265,0.04781691288754897,-0.08548906594897754
"Winans, Allan",-0.2252099306423165,-0.31166486215873224,-0.08645493151641573
"Cienfuegos, Miguel",-0.6632609216752673,-0.7498073638957198,-0.08654644222045249
"Black, Mason",0.2581530365705144,0.1700560602776796,-0.0880969762928348
"Meyer, Max",0.1910205377752473,0.10255101544804823,-0.08846952232719907
"Bowden, Ben",-0.0928368770820069,-0.18255242782410785,-0.08971555074210096
"Pérez, Eury",0.4435237721449412,0.3535290367444121,-0.0899947354005291
"Maeda, Kenta",0.1454786640498103,0.05521962701650862,-0.09025903703330168
"Varland, Gus",-0.3402974866414918,-0.4314121436665469,-0.09111465702505511
"Jackson, Alex",-0.6239679600307927,-0.715128430034799,-0.09116047000400629
"Melton, Troy",0.1805530456510918,0.08786256025115613,-0.09269048539993566
"Darnell, Dugan",-0.2083188476546344,-0.3017350093242688,-0.09341616166963437
"Minacci, Camden",-0.609142214289581,-0.7027112347156849,-0.09356902042610382
"Rodríguez, Wilking",0.268784603895949,0.17512498845023056,-0.09365961544571844
"Speas, Alex",0.0245008822818587,-0.06925802190842656,-0.09375890419028526
"Guilfoil, Tyler",-0.0047655853726778,-0.0985464046815191,-0.0937808193088413
"Peña, Carlos",0.6690028124499354,0.5744941168674176,-0.09450869558251784
"Mears, Nick",0.0852175876505373,-0.009494941016469083,-0.09471252866700638
"Peralta, Wandy",0.0222177406256542,-0.07255242325413946,-0.09477016387979366
"Festa, Matt",0.1859002234274425,0.09110458683924744,-0.09479563658819506
"Chafin, Andrew",0.0746773097173593,-0.021870249232375127,-0.09654755894973442
"Kavadas, Niko",-0.2445254108728395,-0.3414285708902677,-0.09690316001742819
"Reyzelman, Eric",0.3671130059514265,0.26965654608120676,-0.09745645987021972
"Bieber, Shane",0.2549068560798917,0.15719224919676134,-0.09771460688313038
"Spiers, Carson",-0.0459048066494781,-0.1436883975554818,-0.09778359090600369
"Henderson, Logan",0.413536782993728,0.3148508256503941,-0.09868595734333391
"Spence, Mitch",0.0364534695536181,-0.06277266190077624,-0.09922613145439434
"Barco, Hunter",-0.0189672191502147,-0.12052656077682422,-0.10155934162660953
"Petty, Chase",0.0471922816191136,-0.05500136851913906,-0.10219365013825266
"Little, Brendon",0.281483448696708,0.17904029236776287,-0.10244315632894513
"Sears, Ben",-0.6490913058190231,-0.7520096177268968,-0.1029183119078737
"Montero, Rafael",0.0659722282746436,-0.038072067895583483,-0.10404429617022708
"Rojas, Miguel",-0.509858778327898,-0.6143535522748552,-0.10449477394695716
"Nido, Tomás",-0.5765746702924934,-0.6812849024997815,-0.10471023220728803
"Mayer, Gunner",-0.3647748278271316,-0.4694892865982997,-0.10471445877116808
"Faedo, Alex",-0.2722844442271421,-0.3779062072109929,-0.10562176298385079
"Poche, Colin",-0.0530815471664628,-0.15937994249704412,-0.10629839533058133
"Alcala, Jorge",0.0684192874189493,-0.03834961745291243,-0.10676890487186173
"Leal, David",0.1355286421321975,0.028085626937031427,-0.10744301519516608
"Burgos, Juan",-0.0378979262492894,-0.14561084072546504,-0.10771291447617565
"López, Jorge",0.0693518872978845,-0.03914248040481938,-0.10849436770270388
"Flexen, Chris",-0.046976015583106,-0.15590127245041896,-0.10892525686731297
"Caballero, José",-0.6003122212786051,-0.7113765859377962,-0.11106436465919112
"Bergin, Jesse",0.219442669271891,0.10688634895499838,-0.11255632031689261
"Winn, Keaton",0.0072839501963683,-0.10556093304457426,-0.11284488324094255
"Fuentes, Didier",-0.0647466633431302,-0.17766151288123533,-0.11291484953810513
"McFarland, T.J.",-0.2038279734421175,-0.31728768232718674,-0.11345970888506923
"Klassen, George",-0.4324700374958747,-0.5460199599091952,-0.11354992241332046
"Kravetz, Evan",0.1740705817390453,0.060372791997051145,-0.11369778974199415
"Crismatt, Nabil",0.1031121361357849,-0.010726545209994498,-0.1138386813457794
"Foster, Cameron",-0.7013728292031818,-0.8153544201933073,-0.1139815909901255
"Morillo, Juan",0.0175233460294414,-0.09713206559328236,-0.11465541162272376
"Topa, Justin",0.0105001460420234,-0.10486284297450965,-0.11536298901653305
"Garza, Justin",-0.2433429264529183,-0.3602289391821909,-0.1168860127292726
"Bazardo, Eduard",0.288778694099628,0.17162222368754393,-0.11715647041208405
"Salazar, Eduardo",-0.1196722353896926,-0.23799066910849387,-0.11831843371880127
"Snider, Collin",0.0316634256455815,-0.08829612170386025,-0.11995954734944175
"Lange, Alex",-0.0881794661762173,-0.20875917411070988,-0.12057970793449257
"Cruz, Omar",0.0217728416991527,-0.10031211278488361,-0.1220849544840363
"Núñez, Eduarniel",0.0243043927541216,-0.0984549871575392,-0.1227593799116608
"Brian, Will",0.5117680430629662,0.3875266668658851,-0.12424137619708109
"Domínguez, Seranthony",0.2990104377797736,0.1743117086048077,-0.12469872917496588
"McClanahan, Shane",0.4401699907473508,0.3147348537929948,-0.12543513695435599
"Wall, Cory",0.1796445604711899,0.053957816751773136,-0.12568674371941677
"Uceta, Edwin",0.2505216193882276,0.12339785074974258,-0.127123768638485
"Perdomo, Angel",-0.1045620164834264,-0.23173088389716068,-0.1271688674137343
"Jameson, Drey",-0.5394678832572462,-0.6670765820609114,-0.1276086988036652
"Hill, Tim",-0.0243883866391286,-0.15343607930902325,-0.12904769266989466
"Long, Sam",-0.010122699975246,-0.13991187635301305,-0.12978917637776705
"Ashby, Aaron",0.2128528446479347,0.08221495244507748,-0.1306378922028572
"Cuas, Jose",0.1172054866116632,-0.015124415034617922,-0.1323299016462811
"Bido, Osvaldo",0.0687849721793773,-0.06406257031630447,-0.13284754249568176
"Varland, Louis",0.2168914956919226,0.08335550735414227,-0.13353598833778033
"Nuñez, Edwin",-0.6554733043526624,-0.7892404419620617,-0.1337671376093993
"Bird, Jake",0.1372671377066985,0.0031065898872877362,-0.13416054781941075
"Detmers, Reid",0.2924363665451004,0.15823588133963934,-0.13420048520546107
"Alvarez, Andrew",0.0009986312548442,-0.13378839043256763,-0.13478702168741183
"Sabrowski, Erik",0.2496258987558862,0.11466490423805359,-0.1349609945178326
"Ribalta, Orlando",0.013055772748923,-0.12226466018769888,-0.13532043293662188
"Oviedo, Johan",0.2308049490150241,0.09481391309807985,-0.13599103591694425
"Anderson, Grant",0.166605755233503,0.030396579193123996,-0.136209176040379
"Knack, Landon",0.200093766710062,0.06344545922292999,-0.136648307487132
"Mercedes, Juan",-0.6432539434964892,-0.7803360486299725,-0.1370821051334833
"Pressly, Ryan",-0.0620522078741994,-0.1995063258590659,-0.1374541179848665
"Bivens, Spencer",0.0878932756871929,-0.04963765388071284,-0.13753092956790575
"Megill, Trevor",0.350308642031357,0.2122027300981149,-0.13810591193324206
"Hanifee, Brenan",-0.0287852778319151,-0.16692109564292057,-0.13813581781100548
"Seymour, Ian",0.2948906681019873,0.1564389929873044,-0.13845167511468287
"Fernandez, Ryan",0.1746957056933102,0.034949750598416984,-0.1397459550948932
"Adams, Austin",-0.2924815958767538,-0.43304908822295707,-0.14056749234620325
"Strzelecki, Peter",0.0787545421356865,-0.06228544501423827,-0.14103998714992477
"Trejo, Alan",-0.6178410971766012,-0.7594806218502886,-0.14163952467368746
"Crawford, Brooks",-0.5180672131330146,-0.6606931362467451,-0.14262592311373046
"Holton, Tyler",0.1248351993520324,-0.020787505455224342,-0.14562270480725675
"Contreras, Roansy",0.0029117101443188,-0.14302226840244536,-0.14593397854676415
"Kelly, Casey",-0.0470001286696588,-0.19356468158792406,-0.14656455291826526
"Cuenca, Angel",-0.6581971287367753,-0.8050634331878234,-0.1468663044510481
"Romano, Jordan",0.2070884262146421,0.05897713889822975,-0.14811128731641235
"Russell, Zane",0.020389599109346,-0.12776474403454863,-0.14815434314389464
"Myers, Tobias",0.0934323091592393,-0.05506407547445613,-0.1484963846336954
"Ross, Joe",-0.0038884572551898,-0.1525603972178209,-0.1486719399626311
"Milner, Hoby",0.0841523236721321,-0.06569673546622101,-0.1498490591383531
"Gibson, Cade",0.0541802378794298,-0.09597331299070044,-0.15015355087013024
"Vasil, Mike",0.0865395352983552,-0.06390942756104923,-0.15044896285940443
"Wrobleski, Justin",0.3334666881031945,0.18272209550352908,-0.15074459259966544
"Smith, Cade",0.3634958415590425,0.21043313212272935,-0.15306270943631317
"Silseth, Chase",0.0437518171411945,-0.10992691209891248,-0.15367872924010698
"Mikel, Jordan",0.1317330630606695,-0.022270134149830145,-0.15400319721049965
"Eder, Jake",-0.1619816197682446,-0.31669476518852857,-0.15471314542028397
"Clevinger, Mike",0.0297739376431493,-0.1261818792052779,-0.15595581684842721
"Block, A.J.",-0.5266860471421425,-0.6849065908093649,-0.15822054366722238
"Soto, Gregory",0.1612761302426872,0.002050186431431844,-0.15922594381125535
"White, Owen",-0.0045296245583309,-0.16377135295275624,-0.15924172839442535
"Cuevas, Jonny",0.125866948804288,-0.03346370157167522,-0.15933065037596322
"Eaton, Nate",-0.5828551481331518,-0.7422953996803291,-0.15944025154717734
"Hjelle, Sean",-0.0235458346704106,-0.1832920154169908,-0.1597461807465802
"Rainey, Tanner",0.0856050365880229,-0.0747085471118124,-0.1603135836998353
"Gomez, Cesar",0.4434823099295142,0.28244123711902636,-0.16104107281048785
"Peralta, Luis",-0.1455315014421723,-0.3066721322289129,-0.16114063078674057
"Molina, Anthony",0.0284019362525326,-0.1328870732860411,-0.1612890095385737
"Davis, Austin",-0.3706432737196219,-0.5321854196532528,-0.16154214593363092
"Bradford, Cody",0.2795390102550595,0.11709982639979438,-0.16243918385526512
"Green, Chad",0.0383850978224819,-0.12487530933808833,-0.16326040716057022
"Ruiz, José",-0.0095041678110659,-0.17344671812514256,-0.16394255031407667
"Turnbull, Spencer",-0.1462340696261049,-0.3114564507046732,-0.1652223810785683
"Tellez, Rowdy",-0.5581160753344043,-0.7235302102742359,-0.1654141349398316
"Morejon, Adrian",0.2094459019268485,0.04359001327945744,-0.16585588864739106
"Rodríguez, Yariel",0.161697676195068,-0.005536091307374091,-0.1672337675024421
"García, Luis",0.0457433196620927,-0.12351878828588081,-0.1692621079479735
"Akin, Keegan",0.1560992439621319,-0.013361748724112998,-0.1694609926862449
"Kitchen, Austin",-0.4820776435287955,-0.6526420334507456,-0.17056438992195005
"Sims, Lucas",-0.0046483988947673,-0.1757427863412626,-0.1710943874464953
"Herget, Jimmy",0.1767467047238591,0.004636036238360952,-0.17211066848549814
"Walker, Ryan",0.2093434494040267,0.0371832821178143,-0.1721601672862124
"Reyes, Pablo",-0.5644246850801607,-0.7369055264896508,-0.17248084140949005
"Ort, Kaleb",0.2096426954950205,0.03639000703886397,-0.17325268845615652
"García, Yimi",0.2238166010764376,0.05046653106664367,-0.17335007000979394
"Enns, Dietrich",0.1328924960699517,-0.04118762099868112,-0.17408011706863283
"Little, Luke",0.3574045229431294,0.18214908896656856,-0.17525543397656085
"Hendrix, Ryan",-0.4966174515680661,-0.6721628047066147,-0.17554535313854863
"Jax, Griffin",0.3929419886845237,0.21721435583579646,-0.17572763284872722
"Uribe, Abner",0.2864192464440344,0.11062941162134898,-0.1757898348226854
"Mederos, Victor",-0.0426090020509788,-0.21946807708238358,-0.1768590750314048
"Garcia, Rico",0.2593176288511003,0.08061847671117373,-0.1786991521399266
"Willingham, Amos",-0.4962463274663283,-0.6753293358442748,-0.1790830083779465
"Phillips, Tyler",0.0094385066538155,-0.1702596879127214,-0.17969819456653688
"Krehbiel, Joey",-0.5548639094704928,-0.7347869807875457,-0.17992307131705287
"Bowman, Matt",0.0671250337087709,-0.11315129268111734,-0.18027632638988825
"Crouse, Hans",-0.2720102421807006,-0.4531527250309867,-0.1811424828502861
"Orellana, Douglas",-0.3574700497325346,-0.5388458785256011,-0.18137582879306646
"Otañez, Michel",0.0213292895784123,-0.160378623833194,-0.1817079134116063
"Mejia, Juan",0.1680734349201676,-0.013690086995186479,-0.18176352191535408
"Rogers, Taylor",0.1210152783285392,-0.061897695071120196,-0.1829129733996594
"Poulin, PJ",0.1316831437154526,-0.05123407822946935,-0.18291722194492194
"García, Deivi",0.3384461116481815,0.15548949943232726,-0.18295661221585424
"Rutledge, Jackson",0.0197974805578405,-0.16346259653077766,-0.18326007708861816
"Spivey, Carter",-0.5519802584152659,-0.7355311119272331,-0.1835508535119672
"Strahm, Matt",0.2658711045544126,0.08094482138490305,-0.18492628316950954
"Adam, Jason",0.2212231354175045,0.03498275246102778,-0.1862403829564767
"Acton, Garrett",-0.365153935534073,-0.5519116484434298,-0.18675771290935678
"Buttó, José",0.0696295366811299,-0.11815192297562316,-0.18778145965675305
"Abel, Mick",0.1217656613783055,-0.06609975315445782,-0.18786541453276331
"Wepf, Lucas",0.4037831402850694,0.21583828701908536,-0.18794485326598404
"Leahy, Kyle",0.0809047952032438,-0.10719696949696045,-0.18810176470020423
"Castellano, Eiberson",-0.3675509682897936,-0.5562911277836947,-0.1887401594939011
"Law, Derek",-0.6376962207751127,-0.8269689972480517,-0.18927277647293905
"Wicks, Jordan",-0.0092673115654938,-0.19899554244274742,-0.18972823087725363
"Harrington, Thomas",-0.1895897858196455,-0.38003788503112257,-0.19044809921147707
"Díaz, Alexis",-0.0752102855475768,-0.2660177430470724,-0.19080745749949557
"Herrin, Tim",0.0354866035727428,-0.15551669428219306,-0.19100329785493586
"Faucher, Calvin",0.1546068014714522,-0.03665621485270698,-0.19126301632415918
"Sánchez, Gary",-0.4698575494800722,-0.6624813058014835,-0.19262375632141127
"Hagenman, Justin",0.1183041615746029,-0.0750120222518107,-0.19331618382641358
"Robertson, David",0.1665520789925275,-0.02695272804893667,-0.19350480704146417
"Barlow, Joe",-0.0541754902491309,-0.24907521475804018,-0.19489972450890927
"Seig, Hayden",-0.1348243994704437,-0.3309755805551309,-0.19615118108468718
"Dunning, Dane",0.0123649242858232,-0.1840323494420414,-0.19639727372786459
"Ferrer, Jose A.",0.1126344460312713,-0.08444578989394635,-0.19708023592521767
"Teodo, Emiliano",-0.0018379856016679,-0.19904536490127167,-0.19720737929960377
"Speier, Gabe",0.4239736774092801,0.22646976583084544,-0.19750391157843467
"Loáisiga, Jonathan",0.060379186071625,-0.13773447782082715,-0.19811366389245216
"Matz, Steven",0.1317930168252408,-0.0663363153095462,-0.198129332134787
"Flowers, J.C.",-0.3415863318038377,-0.5398210947556276,-0.19823476295178988
"Ahlstrom, Robby",-0.2569185771243087,-0.4570294647578431,-0.2001108876335344
"Erceg, Lucas",0.1471767707666231,-0.05310996293518311,-0.20028673370180622
"Wade, Tyler",-0.5397767607462212,-0.7400865679163849,-0.20030980717016378
"Rodriguez, Carlos",0.0903508811165438,-0.11006856106857899,-0.20041944218512278
"Maldonado, Anthony",0.04743897569747,-0.1541682682486719,-0.2016072439461419
"White, Brendan",-0.2222560759114192,-0.42411943530953267,-0.20186335939811348
"Fox, Phil",-0.3136134785074984,-0.5155167745378605,-0.2019032960303621
"Herz, DJ",-0.3869798717283874,-0.5889932962894874,-0.2020134245611
"Marinaccio, Ron",0.1048448711315762,-0.09899520436268161,-0.2038400754942578
"Paulino, Anderson",-0.5716219614822008,-0.7760245495888124,-0.2044025881066116
"Mathews, Quinn",0.3884465988018314,0.18379823428361164,-0.20464836451821977
"Roberts, Ethan",-0.113790347577651,-0.318489709293614,-0.20469936171596298
"Boushley, Caleb",0.1507574760304608,-0.05410764008697744,-0.20486511611743824
"Smith, Dylan",-0.0805009383471906,-0.286221414848992,-0.2057204765018014
"Finnegan, Kyle",0.1330453861196245,-0.07422713722175633,-0.20727252334138083
"Hoeing, Bryan",-0.0454491848427007,-0.2536355865474921,-0.20818640170479139
"Garabito, Gerson",-0.021497524523843,-0.22996883345167574,-0.20847130892783272
"Saucedo, Tayler",0.0019676417853453,-0.2065462953320416,-0.20851393711738692
"Trivino, Lou",0.1010838350644879,-0.10774692276106013,-0.20883075782554802
"King, Bryan",0.2028819795682065,-0.006342564474816292,-0.2092245440430228
"DeSclafani, Anthony",0.1217314290967676,-0.0880823849515282,-0.2098138140482958
"Castillo, José",0.0867982583462458,-0.12303539513475648,-0.20983365348100227
"Jarvis, Bryce",0.1479470126928097,-0.062495776249194446,-0.21044278894200413
"Junis, Jakob",0.0684559832675771,-0.14223757901733292,-0.21069356228491
"Legumina, Casey",0.2225440532495553,0.01180600260362108,-0.21073805064593423
"Webb, Jacob",0.1413278833216512,-0.07111122576609563,-0.21243910908774682
"Romero, JoJo",0.1757419224731423,-0.03720525226684235,-0.21294717473998465
"Ferguson, Tyler",0.0679350231116414,-0.14506058534723165,-0.21299560845887305
"Mey, Luis",0.1371084087100937,-0.07591225967026483,-0.21302066838035852
"Ward, Thaddeus",-0.1057017022261032,-0.3193350192165314,-0.2136333169904282
"Lucchesi, Joey",0.1535705362985899,-0.061774925506056455,-0.21534546180464637
"Zastryzny, Rob",0.2467578230431497,0.030641157670122432,-0.21611666537302726
"Barlow, Scott",0.1885676243792484,-0.028732231590666846,-0.21729985596991525
"Hartman, Jack",-0.505471215888536,-0.7232160718073671,-0.21774485591883108
"Rodríguez, Manuel",0.1579700936836231,-0.05984337819868446,-0.21781347188230757
"Henry, Cole",0.1201145418402591,-0.09850984847365019,-0.2186243903139093
"Estévez, Carlos",0.1358669482478926,-0.08287630117401945,-0.21874324942191206
"Thielbar, Caleb",0.259506924802758,0.04017894620272122,-0.21932797860003678
"Hill, Jaden",0.1931342052775546,-0.026677575869695103,-0.2198117811472497
"Ryan, Ryder",0.4735636683004708,0.25374899454850613,-0.21981467375196467
"Weissert, Greg",0.1362522494989623,-0.08378371721849653,-0.22003596671745884
"Perkins, Jack",0.1783918469898641,-0.04270764787562742,-0.22109949486549152
"De los Santos, Yerry",-0.041965149349371,-0.26322790710050537,-0.22126275775113435
"Backhus, Kyle",-0.0690805500789645,-0.290857419224989,-0.22177686914602446
"Henriquez, Ronny",0.3592785666239468,0.13724077063282863,-0.22203779599111817
"Holderman, Colin",0.0098916363511609,-0.21232730329617233,-0.22221893964733322
"O'Brien, Riley",0.2102553965357565,-0.011989533908722372,-0.22224493044447888
"Wilcox, Cole",-0.3615145771145496,-0.5837883920320918,-0.22227381491754217
"Marrero, Andrew",-0.3579599234600978,-0.5810347009856455,-0.22307477752554766
"Brubaker, JT",0.1060128418167168,-0.1176586311884289,-0.2236714730051457
"Chavez, Jesse",-0.0829371200781364,-0.30780535935404374,-0.22486823927590732
"Banda, Anthony",0.2106180660048023,-0.014988411912729593,-0.22560647791753188
"Curtiss, John",0.0093210872886515,-0.2168699854889583,-0.2261910727776098
"Stanek, Ryne",0.1150265649072128,-0.1113889444846381,-0.2264155093918509
"Kinley, Tyler",0.2227096959047975,-0.004877805187445183,-0.22758750109224268
"Matsui, Yuki",0.168697368799743,-0.05909289844287979,-0.2277902672426228
"Zeferjahn, Ryan",0.3158297566989289,0.08593572698949586,-0.229894029709433
"Armstrong, Shawn",0.2438826825919786,0.013446318996012896,-0.2304363635959657
"Hoffman, Jeff",0.256790585291524,0.025936192123385715,-0.23085439316813827
"Hurter, Brant",0.2187450777693657,-0.012516621945573903,-0.2312616997149396
"Treinen, Blake",0.211885901040007,-0.01967160940779522,-0.23155751044780223
"Veneziano, Anthony",0.1571551000681912,-0.07447468523640066,-0.23162978530459186
"Bachman, Sam",0.0433632716739394,-0.18883661322292145,-0.23219988489686083
"Leiter Jr., Mark",0.171325417886917,-0.061142084903337945,-0.23246750279025494
"Allard, Kolby",0.0605883903756337,-0.1720586443836224,-0.23264703475925608
"Cox, Austin",0.1193165133200774,-0.1135312694337266,-0.232847782753804
"Brewer, Colten",-0.1336676386649944,-0.3669297527127303,-0.23326211404773592
"Kelly, Michael",-0.0038766195035738,-0.23724274105782395,-0.23336612155425016
"Bruihl, Justin",0.117554853206017,-0.11584428739933716,-0.23339914060535416
"Murfee, Penn",0.1210794642677478,-0.11367557654825267,-0.23475504081600046
"Montgomery, Jordan",-0.1366505078177638,-0.3719701907536991,-0.23531968293593528
"Altavilla, Dan",0.0790718798593373,-0.1567652318492978,-0.23583711170863508
"Kahnle, Tommy",0.1011470226941988,-0.13540384806864703,-0.2365508707628458
"Fulmer, Michael",0.0550792994740471,-0.1821231629280553,-0.2372024624021024
"Johnson, Ryan",0.0873477912288737,-0.15040501689527497,-0.23775280812414867
"Chirino, Harold",0.2136753767840165,-0.024166393777157236,-0.23784177056117373
"Ellerts, Magnus",-0.0802370980971018,-0.3183280484347326,-0.2380909503376308
"Mantiply, Joe",-0.0730891358269687,-0.3115605891744728,-0.23847145334750414
"Brazobán, Huascar",0.136409847931934,-0.10229305111903864,-0.23870289905097264
"Weiss, Zack",-0.8650045039300807,-1.1043683605363181,-0.2393638566062375
"Knowles, Antonio",-0.426666496330384,-0.6678614145128591,-0.24119491818247507
"Harris, Hogan",0.1775515338887772,-0.06466437746330478,-0.24221591135208198
"Peguero, Elvis",0.0453348052426393,-0.1981692806382932,-0.2435040858809325
"Keller, Brad",0.2326808554208121,-0.010928027159394782,-0.24360888258020688
"Maton, Phil",0.3740680058238634,0.12978561023422858,-0.24428239558963483
"Hiraldo, Yaramil",0.1736651558082897,-0.07092932190494872,-0.24459447771323842
"Ashcraft, Braxton",0.2325478851787873,-0.012750415067910303,-0.2452983002466976
"McGarry, Griff",0.4425064126482676,0.1966317350606167,-0.2458746775876509
"Dashwood, Jack",-0.3142887472221312,-0.5607826027500992,-0.246493855527968
"Jozwiak, Chandler",0.6414445199527459,0.3945866190774596,-0.24685790087528625
"Schultz, Paxton",0.1808648267823143,-0.06745497235354592,-0.24831979913586022
"Slaten, Justin",0.139682059859435,-0.11007004718794244,-0.24975210704737744
"Santillan, Tony",0.1812497333200706,-0.06857284750426951,-0.2498225808243401
"Shook, TJ",-0.4264000609117351,-0.6769176740388217,-0.25051761312708665
"Muñoz, Rolddy",-0.1134977000386801,-0.3640666276465726,-0.2505689276078925
"Tate, Dillon",-0.0729650457900102,-0.3245154694073066,-0.2515504236172964
"Kelly, Zack",0.1984029804068587,-0.053625314370648325,-0.252028294777507
"McCaughan, Darren",0.2236393457244027,-0.029289118787390933,-0.2529284645117936
"Richardson, Lyon",0.0084500052307017,-0.2445573525499779,-0.2530073577806796
"Wesneski, Hayden",0.2452883357612901,-0.008343288340371124,-0.25363162410166123
"Morán, Jovani",0.0328340598446515,-0.22125856785965214,-0.25409262770430363
"Mayza, Tim",-0.0272944677346964,-0.28200067853792854,-0.25470621080323214
"Williams, Devin",0.4424746566729307,0.1867212023153691,-0.2557534543575616
"Dubin, Shawn",0.102497814606062,-0.15327150001695578,-0.2557693146230178
"Murphy, Shane",-0.0391125860507655,-0.29641939102378634,-0.25730680497302083
"Burke, Brock",0.0799084349341238,-0.17857942089100298,-0.2584878558251268
"Johnson, Pierce",0.2237115313328192,-0.035466155098085705,-0.2591776864309049
"Englert, Mason",0.152705320658235,-0.10728116558197442,-0.2599864862402094
"McKendry, Evan",-0.768613108983639,-1.028975603530081,-0.260362494546442
"Liranzo, Jesús",-0.4698210560235352,-0.7306697104268706,-0.2608486544033354
"Gray, Jon",0.1334441840686032,-0.12765428798070655,-0.26109847204930975
"Mena, Cristian",0.4177256261409972,0.1559360061226459,-0.26178962001835127
"Dombkowski, Nick",0.4623188906745696,0.19972179579622107,-0.26259709487834854
"Brieske, Beau",-0.0112078219794895,-0.2741942552953315,-0.262986433315842
"Waddell, Brandon",-0.0508354544976725,-0.3143597867778488,-0.2635243322801763
"Chargois, JT",-0.3244147324586262,-0.5881782425667904,-0.26376351010816423
"Ohtani, Shohei",0.3101717437967108,0.04636077709281794,-0.26381096670389287
"Fairbanks, Pete",0.1863184251025021,-0.0783014954890463,-0.2646199205915484
"Martinez, Rodolfo",-0.17865524724419,-0.4435280094421318,-0.26487276219794176
"Rogers, Tyler",0.135628054608163,-0.12938367434616038,-0.26501172895432334
"Jackson, Luke",0.0043319573586216,-0.2613564207104567,-0.2656883780690783
"Amendt, Kyle",-0.3634198843132167,-0.6291243849174125,-0.2657045006041958
"Murphy, Luke",-0.4345084483413667,-0.7006862714486087,-0.26617782310724203
"González, Wikelman",0.2609879573713698,-0.005223157043009796,-0.2662111144143796
"Kranick, Max",0.1321104974428767,-0.134452543114977,-0.26656304055785374
"De Los Santos, Enyel",0.0787874050532772,-0.1881838171052973,-0.2669712221585745
"Jensen, Ryan",-0.1522117638541789,-0.41926340896186165,-0.26705164510768276
"Joyce, Ben",0.2902427672052747,0.02295431990953345,-0.26728844729574125
"Merryweather, Julian",-0.0425786496688411,-0.3102096660233853,-0.26763101635454417
"Velasquez, Vince",-0.0058673861901415,-0.2736495644520234,-0.2677821782618819
"Ramírez, Yohan",0.2523086236406572,-0.015511767463115,-0.2678203911037722
"Martin, Corbin",0.3988978419719294,0.13103256738878233,-0.2678652745831471
"Sanders, Cam",-0.211184719690157,-0.4795617412618435,-0.26837702157168647
"Weems, Avery",0.0512293263754625,-0.2181379066173884,-0.2693672329928509
"Ruffcorn, Jason",0.5587717941874444,0.287785982701002,-0.2709858114864424
"Lazar, Max",-0.0421948119188165,-0.31355705894455665,-0.27136224702574013
"Garcia, Robert",0.2036236780570134,-0.06840768921310358,-0.272031367270117
"Fernández, Junior",0.4295841533236444,0.15722530899629467,-0.27235884432734975
"Tolle, Payton",0.1211714151610732,-0.151587939814691,-0.2727593549757642
"Vest, Will",0.2575645693644213,-0.015833009629604433,-0.2733975789940257
"Capra, Vinny",-0.1835398470259873,-0.4576073736414422,-0.2740675266154549
"Funderburk, Kody",0.0649472376108754,-0.20922736342579307,-0.27417460103666846
"Strickland, Samuel",0.9164489804575008,0.6419196773832688,-0.27452930307423196
"Agnos, Zach",-0.1134469241572385,-0.38798508370429974,-0.27453815954706123
"McDaniels, Garrett",-0.096394861682133,-0.3718365364083469,-0.2754416747262139
"Montes De Oca, Christian",0.136783524701588,-0.13865963751861887,-0.27544316222020687
"Stashak, Cody",-0.4939679484909594,-0.7694471455732576,-0.2754791970822982
"González, Victor",-0.029866083696386,-0.30626973542166214,-0.27640365172527614
"Coulombe, Danny",0.1706693597610923,-0.10601614987694197,-0.2766855096380343
"McGough, Scott",0.1330580148310286,-0.14413991791745784,-0.2771979327484865
"Basso, Brady",-0.0860353418526761,-0.363775992574496,-0.2777406507218199
"Booser, Cam",0.1650759671034672,-0.11293764498565262,-0.2780136120891198
"Graceffo, Gordon",0.073042709813413,-0.20507208987403758,-0.27811479968745056
"Reid-Foley, Sean",0.6269587752281089,0.34847618642708783,-0.2784825888010211
"Guenther, Sean",-0.0180378916439232,-0.2991170688056458,-0.2810791771617226
"Gaddis, Hunter",0.2585478968190315,-0.022585301701174898,-0.2811331985202064
"Kopech, Michael",0.1219822466560923,-0.1594844226066876,-0.2814666692627799
"Hernández, Daysbel",0.1592686701100545,-0.12238255624470085,-0.28165122635475537
"Seymour, Carson",-0.0035197549614226,-0.28527023212047486,-0.28175047715905227
"Urena, Walbert",0.684905396474663,0.4029301301380471,-0.28197526633661585
"Zulueta, Yosver",-0.1018979348948512,-0.3840986141259489,-0.2822006792310977
"Miller, Erik",-0.0154657060233385,-0.2987064772651138,-0.28324077124177527
"Núñez, Dedniel",0.2652016420874267,-0.018235510386137355,-0.28343715247356405
"Duran, Jhoan",0.3822179733430218,0.09832399305993084,-0.283893980283091
"McLoughlin, Trey",-0.2173065948291315,-0.5015235281521123,-0.2842169333229808
"Grammes, Conor",-0.402909293927393,-0.6872500177027744,-0.2843407237753814
"Moreta, Dauri",0.0341489249061276,-0.25087261802071237,-0.28502154292683995
"Rodriguez, Bradgley",0.1925726181021187,-0.09276968055310231,-0.285342298655221
"Burdi, Nick",0.1149184210019121,-0.17151943545929504,-0.2864378564612071
"Santana, Dennis",0.2166596635715806,-0.0703047606910494,-0.28696442426263
"Beck, Tristan",0.1125411092468739,-0.17481182529154415,-0.28735293453841804
"Solesky, Chase",0.0963091177290591,-0.19106591506047976,-0.28737503278953885
"Jacobs, Zach",1.0590789940058627,0.770590116706908,-0.28848887729895467
"Enright, Nic",0.1968425059517062,-0.0919696267346648,-0.28881213268637096
"Bachar, Lake",0.2784017239768179,-0.010741144898261501,-0.2891428688750794
"Zuber, Tyler",0.0596665059332509,-0.22971159431029098,-0.2893781002435419
"Foley, Jason",0.0059247768111264,-0.2839958704544506,-0.28992064726557704
"Hamilton, Ian",0.1892394929558243,-0.10216336221096145,-0.29140285516678577
"Bummer, Aaron",0.1417936562518328,-0.1501689473061656,-0.2919626035579984
"Peralta, Sammy",0.0069732296200244,-0.28514568026897613,-0.2921189098890005
"Harrison, Kyle",0.2421112497330483,-0.05039491497480031,-0.2925061647078486
"Fitzgerald, Ryan",-0.2256210008542875,-0.5187292582299302,-0.2931082573756427
"Fisher, Braydon",0.2401184234762038,-0.053925424531078625,-0.29404384800728245
"Jay, Tyler",-0.4064556135340307,-0.7005876040797306,-0.29413199054569994
"Raley, Brooks",0.3910693573315547,0.09687546946315106,-0.2941938878684036
"Payamps, Joel",0.0526124881183992,-0.24237288466147877,-0.29498537277987796
"Petersen, Michael",0.2351827006003863,-0.061223875206811496,-0.29640657580719776
"Lee, Chase",0.1273410186366793,-0.16933596507794801,-0.2966769837146273
"Pearson, Nate",-0.1315303093084011,-0.42958811313139644,-0.29805780382299535
"Robertson, Nick",0.1904470638983776,-0.1081808908316475,-0.2986279547300251
"Miller, Shelby",0.2994512615166155,0.00036634448653016793,-0.29908491703008533
"La Sorsa, Joe",-0.0939684056456736,-0.39308404362410565,-0.29911563797843205
"Banks, Tanner",0.2401311915687471,-0.05901038542775672,-0.2991415769965038
"Sands, Cole",0.1747362725420543,-0.12479548735873214,-0.2995317599007864
"Winckowski, Josh",0.1310161527446437,-0.1692242958394523,-0.30024044858409604
"Wilson, Justin",0.2035843251011335,-0.09719760024369195,-0.30078192534482545
"Hudson, Bryan",0.1161083667998464,-0.18629248685629562,-0.302400853656142
"Harbin, Ryan",-0.6725517471932331,-0.9751033332452222,-0.3025515860519892
"Stratton, Chris",0.0929915067457786,-0.20964618287319214,-0.30263768961897075
"Curvelo, Luis",0.1846098097714301,-0.11965158579183177,-0.30426139556326187
"Jansen, Kenley",0.2710188365559234,-0.034143442558380976,-0.3051622791143044
"Fruit, Zach",0.032641728967191,-0.27259723822618176,-0.30523896719337273
"Hurtado, Joel",0.1641686252487429,-0.14171470671897146,-0.30588333196771433
"Nicolas, Kyle",0.1460722608502357,-0.16011775283710838,-0.3061900136873441
"Pagán, Emilio",0.3141683258373223,0.00786659680254298,-0.3063017290347793
"Simpson, Josh",0.2074829567247984,-0.09929881614221703,-0.30678177286701547
"Koenig, Jared",0.2524609617113704,-0.05452718617601959,-0.30698814788739
"Weaver, Luke",0.2650927858357315,-0.041962571851939745,-0.3070553576876712
"Leclerc, José",0.0072193489712866,-0.30046837782068103,-0.30768772679196765
"Minter, A.J.",0.4352009944904537,0.127281954216663,-0.3079190402737907
"Whitlock, Garrett",0.3807696593036388,0.07246383862407757,-0.30830582067956125
"Alexander, Scott",-0.1704498884979644,-0.47963276866057203,-0.30918288016260764
"Gilbert, Tyler",0.1744448330521671,-0.13577120787048558,-0.31021604092265265
"Brebbia, John",0.1228716572951266,-0.18784448239483642,-0.31071613968996303
"Sewald, Paul",0.1559719052992464,-0.15476803299274577,-0.3107399382919922
"Richards, Trevor",-0.1139340183392167,-0.4257432169482792,-0.31180919860906253
"Ginkel, Kevin",0.0767065484713983,-0.23522542084819675,-0.31193196931959505
"Hartlieb, Geoff",0.0314943543285022,-0.28109247931837944,-0.31258683364688167
"Gibson, Trey",0.2538090992766281,-0.05918403567835773,-0.3129931349549858
"Little, Jack",-0.0965902482070088,-0.4097673994566957,-0.3131771512496869
"Bowlan, Jonathan",0.1831309278076172,-0.13037562119683077,-0.31350654900444797
"Klein, Will",0.2418724103754681,-0.07194523166960187,-0.31381764204507
"Waldron, Matt",-0.1326480283551075,-0.4466997464168613,-0.3140517180617538
"Perez, Railin",-0.3957082283220957,-0.7108856749385893,-0.31517744661649366
"Muñoz, Andrés",0.4153244273616214,0.09989785178949373,-0.31542657557212767
"Hoffmann, Andrew",0.1152043425623371,-0.20066396940679865,-0.31586831196913573
"Edwards Jr., Carl",0.1331565901395652,-0.18343252803420318,-0.3165891181737684
"Suárez, Albert",0.2538492970346749,-0.06568483090350041,-0.3195341279381753
"Dale, Elijah",0.086204443994372,-0.23354793701307985,-0.31975238100745185
"Orze, Eric",0.1397933532789025,-0.18014198371834644,-0.31993533699724896
"Vodnik, Victor",0.1250686840725916,-0.19534606853386993,-0.3204147526064616
"Selby, Colin",0.1674391158998364,-0.15424948550864515,-0.32168860140848154
"Martinez, Seth",0.0120967709158822,-0.3101837578886282,-0.32228052880451036
"Ferguson, Caleb",0.1493263424724585,-0.174817027432975,-0.32414336990543346
"Palencia, Daniel",0.2726603855719989,-0.051885738380938684,-0.3245461239529376
"Woodford, Jake",-0.0120124774070435,-0.33667339803734675,-0.3246609206303033
"Armstrong, Sam",0.9972339133819884,0.6723398254682532,-0.3248940879137352
"Hendriks, Liam",0.0652235387630839,-0.2597149376000504,-0.3249384763631343
"Helsley, Ryan",0.2278361309199478,-0.09713844679713945,-0.32497457771708727
"Hall, DL",0.1108142244085151,-0.21447361244547725,-0.3252878368539923
"Blubaugh, AJ",0.251384539444666,-0.07499645557778434,-0.3263809950224503
"Roycroft, Chris",-0.0006126983166177,-0.3275914047137729,-0.3269787063971552
"Miller, Mason",0.5349117851959375,0.2066200685887704,-0.3282917166071671
"Walkinshaw, Jake",-0.2889545568845122,-0.6181611961121624,-0.32920663922765014
"Schoff, Tyler",0.7726435462757858,0.44313601164333793,-0.32950753463244786
"Thompson, Ryan",0.1370564709368443,-0.19268824143167307,-0.3297447123685174
"Kerkering, Orion",0.1921469303324214,-0.13790748001446196,-0.3300544103468833
"Whitley, Forrest",0.1366233744997296,-0.1949401300106549,-0.3315635045103845
"Estrada, Jeremiah",0.3654458570186582,0.033370196956089004,-0.3320756600625692
"Fluharty, Mason",0.2727727723143694,-0.060774688957667355,-0.33354746127203677
"Och, Ryan",-0.3732102011363106,-0.7075029484255096,-0.33429274728919905
"Suter, Brent",0.1003666917480642,-0.2354135855898244,-0.3357802773378886
"Hollowell, Gavin",0.1615166463924534,-0.17562048073203673,-0.3371371271244901
"Wolfram, Grant",0.1289920162205323,-0.2084723013379446,-0.3374643175584769
"Cranz, Robert",0.6324484472540354,0.29305346690189144,-0.33939498035214394
"Brigham, Jeff",0.1363514892701977,-0.20336935872771011,-0.3397208479979078
"Sterner, Justin",0.2715225426045588,-0.0684357386957245,-0.3399582813002833
"Shugart, Chase",0.1041043794218494,-0.23598406280331108,-0.3400884422251605
"Jones, Jared",0.345074477570536,0.004755098885291131,-0.34031937868524487
"Lee, Dylan",0.4090861795584566,0.06872499040516533,-0.3403611891532913
"Nikhazy, Doug",0.149489212715315,-0.1909709099479313,-0.3404601226632463
"Dodd, Dylan",0.1742068115895337,-0.16834019637173614,-0.3425470079612698
"Amaya, Jacob",-0.3549992619863608,-0.698832079005609,-0.34383281701924817
"Jacob, Alek",0.0169225104765148,-0.32783740555053453,-0.34475991602704936
"Richmond, Nick",-0.0980864661327766,-0.44291889301347565,-0.34483242688069904
"Herberholz, Christian",-0.2917942024105167,-0.6376284813944045,-0.34583427898388786
"Nittoli, Vinny",0.1871398248992515,-0.15923979624806384,-0.34637962114731535
"Horn, Bailey",0.0516494138903518,-0.295371457703431,-0.3470208715937828
"Kowar, Jackson",0.172216697868314,-0.17502755433086103,-0.34724425219917504
"Brasier, Ryan",0.0670654398942574,-0.2805430545326305,-0.3476084944268879
"Shuster, Jared",-0.117171142371842,-0.4655471112517743,-0.3483759688799323
"Strickland, Hunter",0.0291948998041343,-0.31941721344517193,-0.34861211324930624
"Kent, Zak",0.0772177892331576,-0.2720683779432196,-0.34928616717637717
"Parsons, Hunter",0.8427639677290193,0.49308641324302294,-0.34967755448599636
"Murphy, Chris",0.1206006719559856,-0.2290880909650097,-0.3496887629209953
"McLaughlin, Mark",-0.4472550251722566,-0.7972805960962007,-0.3500255709239441
"Doval, Camilo",0.2853335411390322,-0.06486030074255844,-0.35019384188159064
"Peguero, Joel",0.1273785010009131,-0.22356584906875065,-0.35094435006966374
"Abner, Philip",0.2019216612638213,-0.15000359615944692,-0.3519252574232682
"Ohl, Pierson",0.116771069863048,-0.2358016213646933,-0.35257269122774126
"Cabrera, Génesis",0.0690645222537374,-0.2835223578541092,-0.35258688010784656
"Saalfrank, Andrew",0.0628494971064002,-0.2907407338151212,-0.3535902309215214
"Hampson, Garrett",-0.0063370292737011,-0.3604196723793369,-0.3540826431056358
"Ottavino, Adam",0.295050594223854,-0.05904754750285668,-0.35409814172671067
"Pena, Francis",0.6401953068947523,0.28556401763101463,-0.3546312892637377
"Eisert, Brandon",0.2548508913392074,-0.10042270589192936,-0.3552735972311368
"Díaz, Edwin",0.4609417728297064,0.10466428132190586,-0.3562774915078005
"Walker, Josh",0.1794079501058271,-0.17690826055230047,-0.3563162106581276
"Young, Danny",0.4916039535228942,0.1337329313466885,-0.3578710221762057
"Rock, Joe",0.2853644245109648,-0.07604092241385696,-0.36140534692482174
"Fernández, Julian",0.2193199830940677,-0.1421512037706345,-0.3614711868647022
"Schomberg, Will",0.5932215873842636,0.2313973814221148,-0.36182420596214876
"Montgomery, Mason",0.2418004485694106,-0.12025067062275197,-0.3620511191921626
"Mata, Bryan",0.1517654706711962,-0.2121886196577094,-0.3639540903289056
"Clase, Emmanuel",0.2283725127323849,-0.13645227039337315,-0.36482478312575806
"Leasure, Jordan",0.2992641585481211,-0.06715715472765926,-0.36642131327578037
"Sosa, Listher",0.0128906299097165,-0.3539303188322268,-0.3668209487419433
"Sandlin, Nick",0.1128808679934561,-0.25412478296840246,-0.36700565096185855
"Muñoz, Roddery",0.1821486734836981,-0.18592921779943838,-0.3680778912831365
"Winn, Cole",0.2186642650599549,-0.15001787972070835,-0.36868214478066325
"Tonkin, Michael",0.1484091071873129,-0.22230921372439127,-0.3707183209117042
"Fermin, José",0.2093942548952884,-0.16222510877401985,-0.37161936366930826
"Kilian, Caleb",0.335434717960422,-0.03638559601694413,-0.37182031397736615
"Van Belle, Brian",0.0277772754619885,-0.3448735800239421,-0.3726508554859306
"Anderson, Shaun",0.1824085960340808,-0.19077806940045394,-0.3731866654345347
"Bautista, Félix",0.3765456802759095,0.001945413385346817,-0.3746002668905627
"Bednar, David",0.3926418444988042,0.016123187358203395,-0.3765186571406008
"Cleavinger, Garrett",0.417478269226647,0.040706778163679846,-0.37677149106296715
"Stratton, Hunter",0.0031749897709617,-0.3751885733927778,-0.3783635631637395
"Glassey, Joe",-0.3400391102692245,-0.7184233506286714,-0.37838424035944684
"Schreiber, John",0.2643893669907239,-0.11511446493844901,-0.3795038319291729
"Halvorsen, Seth",0.0428519090756235,-0.3379943019513699,-0.38084621102699345
"Bernardino, Brennan",0.1684346905196407,-0.21320646109861074,-0.3816411516182514
"Martinez, Justin",0.419722762747775,0.03691632818699375,-0.38280643456078123
"Carrillo, Alex",-0.0279202248198025,-0.41099934060250876,-0.38307911578270626
"Clarke, Taylor",0.1817178853228214,-0.20373929910087463,-0.38545718442369603
"Ragsdale, Carson",0.2379070082158219,-0.14875865655692488,-0.3866656647727468
"Yates, Kirby",0.2873213749288224,-0.10017291545978968,-0.3874942903886121
"Schultz, Thomas",-0.1444202659171735,-0.532005857525201,-0.3875855916080275
"Robert, Daniel",0.1493872283676226,-0.23822442256875465,-0.3876116509363773
"Pilkington, Konnor",0.3131422143333829,-0.07537898324199255,-0.38852119757537545
"Suarez, Robert",0.3036189697013389,-0.08496455136156289,-0.3885835210629018
"Headrick, Brent",0.3029003559331102,-0.08755487289443031,-0.3904552288275405
"McSteen, Jake",0.3487022326127073,-0.0418224620939317,-0.390524694706639
"Brzykcy, Zach",0.147149593454596,-0.2433752058983193,-0.3905247993529153
"Okert, Steven",0.3682511310114977,-0.02231331490037014,-0.39056444591186784
"Pacheco, Luis",-0.3445382122559458,-0.7351303343496874,-0.39059212209374167
"Ynoa, Huascar",-0.124362690995332,-0.515503495052985,-0.391140804057653
"VanWey, Logan",0.1961532869034259,-0.1953058215509469,-0.3914591084543728
"Green, Mason",-0.3116146570443095,-0.7034413738302575,-0.391826716785948
"Effross, Scott",-0.0672697690049396,-0.4606097634947409,-0.39333999448980134
"Brogdon, Connor",0.3347734336179184,-0.06020744799065747,-0.39498088160857586
"Gervase, Paul",0.1188180801383174,-0.27621614798633753,-0.39503422812465494
"Rodríguez, Elvin",0.2412145693540657,-0.1541949160091416,-0.3954094853632073
"Henley, Blair",-0.3387181233519319,-0.7355036576640143,-0.39678553431208236
"Lovelady, Richard",0.1262445583518698,-0.2719969689837418,-0.3982415273356116
"Iglesias, Raisel",0.357344093180982,-0.041001029552414914,-0.3983451227333969
"Holman, Grant",0.0012424208468208,-0.3985875145107268,-0.39982993535754763
"Krook, Matt",-0.113451565447444,-0.5144777663986165,-0.40102620095117253
"Garrett, Reed",0.2660410860997947,-0.13611365691171684,-0.40215474301151155
"Davis, Tyler",0.5749951636361347,0.17256793061823333,-0.40242723301790134
"Avila, Luinder",0.2652279741573873,-0.13733170531108296,-0.40255967946847027
"Cruz, Steven",0.1428664263907338,-0.2605486489622211,-0.40341507535295484
"Neris, Héctor",0.1681724607765013,-0.23557210849575605,-0.4037445692722573
"Dreyer, Jack",0.3367706347800128,-0.06815112087965158,-0.4049217556596644
"Yoho, Craig",0.2251416198671578,-0.180599434828288,-0.4057410546954458
"Adams, Mason",0.108488469542555,-0.2975162158613799,-0.40600468540393486
"Bolton, Cody",-0.0522945674419093,-0.4585638084285638,-0.4062692409866545
"Seabold, Connor",0.1885690970743365,-0.21791615506888062,-0.4064852521432171
"Lawrence, Justin",0.0797854530587367,-0.326756686631529,-0.4065421396902657
"Church, Marc",0.1424757729717189,-0.2644316829862752,-0.40690745595799405
"Woods, Jaden",-0.6021361120650506,-1.0098520053942464,-0.4077158933291958
"Murphy, Patrick",0.2758800030983067,-0.13249926719856786,-0.40837927029687454
"Nelson, Kyle",0.0021464250564142,-0.40678679008243157,-0.4089332151388458
"Laweryson, Cody",0.2456464703570992,-0.16344215211291513,-0.4090886224700143
"Wynne, Randy",-0.121350633462623,-0.5317061217658835,-0.4103554883032605
"Darrell-Hicks, Michael",0.1366753206269272,-0.27502296022184936,-0.4116982808487766
"Contreras, Luis",0.1217913935097124,-0.290426156258895,-0.4122175497686074
"Sousa, Bennett",0.2871936151539468,-0.12642127313658802,-0.41361488829053483
"Garkow, Nate",0.2176264945270373,-0.1960904920631683,-0.4137169865902056
"Gibaut, Ian",0.0476206136957016,-0.36618747449501143,-0.413808088190713
"Borucki, Ryan",0.0638826135319605,-0.35040238547882785,-0.41428499901078836
"Burgos, Raymond",0.4798342281077334,0.06417617269022902,-0.4156580554175044
"Yanez, Gabriel",-0.1640552151500057,-0.5798255321462905,-0.4157703169962848
"Kittredge, Andrew",0.3195209769731912,-0.10261579258488274,-0.42213676955807394
"Granillo, Andre",0.1972958590223422,-0.22562440051696486,-0.42292025953930706
"Barnes, Zach",0.0965198280472881,-0.3265554024173293,-0.42307523046461737
"Kelly, Kevin",0.1988902256990681,-0.22936543493435846,-0.42825566063342657
"Moran, Brian",0.5488333421933691,0.12034101869427977,-0.42849232349908933
"Waguespack, Jacob",0.6291523644771607,0.19966136156072467,-0.42949100291643605
"Heuer, Codi",-0.0569674920858226,-0.48672455855557917,-0.4297570664697566
"Sulser, Cole",0.2688073575595568,-0.16174877649709785,-0.43055613405665466
"Abreu, Bryan",0.4377384494755365,0.006527170613596089,-0.4312112788619404
"Mattson, Isaac",0.2903396162768589,-0.14088721708885366,-0.43122683336571255
"Nuñez, Juan",-0.0967376192339462,-0.531963980409493,-0.4352263611755468
"Nance, Tommy",0.2051790519523533,-0.2307613529032505,-0.4359404048556038
"Bigge, Hunter",0.1898270570896082,-0.2479087813163744,-0.4377358384059826
"Díaz, Yilber",0.1489148105157316,-0.29029499711399753,-0.43920980762972917
"Myrick, Tyler",0.0259207475579105,-0.4136931238200624,-0.4396138713779729
"Misiewicz, Anthony",0.0893286666058069,-0.35331610534235036,-0.44264477194815727
"Alvarado, Elvis",0.2943015670826495,-0.14842162720239704,-0.44272319428504653
"Salazar, César",-0.2458928396974412,-0.6909059045153981,-0.44501306481795694
"Svanson, Matt",0.3069205459472094,-0.14109242904066832,-0.44801297498787773
"Stewart, Brock",0.2675745660916204,-0.1808973181484813,-0.4484718842401017
"Belgrave, Nigel",0.0995164344226105,-0.34989413616371645,-0.44941057058632694
"Harris, Ben",1.096392360368054,0.6467868704348037,-0.44960548993325045
"Shreve, Chasen",-0.0328333213997768,-0.4826058862755974,-0.4497725648758206
"Johnson, Seth",0.1048317453834978,-0.3454688606011217,-0.4503006059846195
"Brash, Matt",0.2863329831736549,-0.1663823160763822,-0.4527152992500371
"Kwiatkowski, Robert",-0.6000130664456303,-1.0546115820900681,-0.45459851564443776
"Strowd, Kade",0.2571754397801774,-0.1982594961602684,-0.45543493594044576
"Lao, Sauryn",0.1401467170262657,-0.31570312371502185,-0.45584984074128754
"Ullola, Miguel",0.06275176968871,-0.3955183198306085,-0.45827008951931847
"Taylor, Grant",0.3656716180596406,-0.09268520787452772,-0.4583568259341683
"Noriega, Cruz",0.6244015753644623,0.1659299344552399,-0.4584716409092224
"Grosz, Josh",-0.2444744498635318,-0.7029874908515449,-0.45851304098801304
"Thompson, Zach",0.0261544015624777,-0.4334390536129238,-0.4595934551754015
"Pope, Austin",0.0891203460546312,-0.37275023538081264,-0.46187058143544385
"Bender, Anthony",0.2517569739491605,-0.2103670970021968,-0.4621240709513573
"Hader, Josh",0.3998259895518337,-0.06313351081784568,-0.46295950036967937
"Beeter, Clayton",0.3218246881941159,-0.1420624679373963,-0.4638871561315122
"Ramirez, Kelvin",-0.3205749472223646,-0.7849991944776123,-0.4644242472552477
"Stallings, Garrett",0.1750162693759258,-0.2905525350624776,-0.46556880443840337
"Pilar, Anderson",0.0911555526930748,-0.38067503104541256,-0.47183058373848735
"Young, Alex",0.3188255622732135,-0.1561542822028733,-0.4749798444760868
"Roby, Tekoah",0.3625207565533449,-0.1127428310409958,-0.47526358759434073
"Harvey, Hunter",0.4480563299847276,-0.02724209511663156,-0.47529842510135917
"Rodríguez, Randy",0.4024247668577593,-0.07869150262483715,-0.48111626948259645
"Domingo, Vicarte",0.363179107616106,-0.12045246556814893,-0.4836315731842549
"Moll, Sam",0.2303523308488935,-0.2544559149539187,-0.48480824580281223
"Vesia, Alex",0.4334067094984424,-0.05309459052829202,-0.4865013000267344
"Wallace, Jacob",-0.1083988880770606,-0.5956943063090768,-0.4872954182320162
"Lavallee, Johnathan",-0.2069966831739778,-0.6958450275366205,-0.4888483443626427
"Devenski, Chris",0.1521777589094541,-0.33806111727185184,-0.4902388761813059
"Justice, Evan",0.6641289972112244,0.16974029359873666,-0.49438870361248777
"Henry, Tommy",0.388400252635734,-0.10636594942738253,-0.49476620206311656
"Raeth, Stefan",0.1418529101176895,-0.35392785491753664,-0.49578076503522617
"Pennington, Walter",-0.0678031774511423,-0.5645536942294235,-0.4967505167782812
"Dees, Bailey",-0.1669750205507827,-0.6660013827975445,-0.4990263622467618
"Fondtain, T.J.",0.1581258110936115,-0.3423240024175245,-0.5004498135111359
"Maxwell, Zach",0.3015077737989005,-0.2013429519622857,-0.5028507257611862
"Alvarado, José",0.3405266689121259,-0.16393979143539805,-0.504466460347524
"Martin, Chris",0.2759397987492399,-0.22854404549571483,-0.5044838442449547
"Kimbrel, Craig",0.2974420217605789,-0.20849129534573319,-0.5059333171063121
"Henriquez, Edgardo",0.2334911866453955,-0.27329501414171253,-0.506786200787108
"Cleveland, Tyler",-0.2119222771797488,-0.7188133090253571,-0.5068910318456084
"Zuñiga, Guillo",0.350722317250933,-0.1656100541073512,-0.5163323713582841
"O'Loughlin, Jack",-0.2078175592495507,-0.7242905016097237,-0.516472942360173
"Warren, Austin",-0.0884790938477481,-0.607085079161907,-0.5186059853141589
"McGee, Easton",0.2540026677846218,-0.2682999056085783,-0.5223025733932001
"Rashi, Taylor",0.3183547568539225,-0.20615490877028986,-0.5245096656242123
"Hernández, Jonathan",0.3450299004046117,-0.17950312160294413,-0.5245330220075558
"Chapman, Aroldis",0.526971983186128,-0.0027081578273455698,-0.5296801410134736
"Misiaszek, Andrew",0.1058757080461138,-0.424888314902082,-0.5307640229481958
"Puk, A.J.",0.3384181757497043,-0.19274189491639393,-0.5311600706660982
"Arias, Wander",0.6307464333369595,0.09354560288132546,-0.5372008304556339
"Ramírez, Erasmo",0.0029861974611575,-0.5365212645276799,-0.5395074619888374
"Estrada, Lazaro",0.2358982502409045,-0.3039129809547797,-0.5398112311956842
"Middendorf, Ryan",0.6458030878293863,0.10097559678123419,-0.5448274910481521
"Pasqualotto, Paulshawn",0.6696201681926344,0.12043336356582224,-0.5491868046268121
"Phillips, Evan",0.2943298685141333,-0.25747365442409664,-0.5518035229382299
"Weigel, Patrick",0.0339230126027408,-0.5183037969198493,-0.5522268095225901
"Reynolds, Sean",0.2901277798480801,-0.2631766315545748,-0.5533044114026548
"Carlson, Sam",0.4118706593306347,-0.14175721908146866,-0.5536278784121034
"Gray, Peyton",-0.1481849038374127,-0.704106350901977,-0.5559214470645644
"Ogando, Gerald",0.098284635533196,-0.46358459698374677,-0.5618692325169428
"Adcock, Ty",0.2832985559746901,-0.2819413745335043,-0.5652399305081944
"Phillips, Connor",0.3864284701047365,-0.18080767320460467,-0.5672361433093411
"Corniell, Jose",-0.0063322558911812,-0.5747071925683206,-0.5683749366771393
"Walters, Andrew",0.2088923247748882,-0.36247272312673895,-0.5713650479016271
"Sisk, Evan",0.3736599543989797,-0.2032472041944947,-0.5769071585934744
"Burr, Ryan",0.4699378338086699,-0.11406841358271813,-0.5840062473913881
"Stephenson, Robert",0.1209746087169117,-0.4659732136056324,-0.586947822322544
"Santana, Tyler",-0.1702893810434325,-0.7593516917602366,-0.5890623107168041
"Hernandez, Allan",0.2923719275388273,-0.29870297847779115,-0.5910749060166185
"Helvey, Clay",0.0655845998300934,-0.5263331688757144,-0.5919177687058077
"Cruz, Nicolas",-0.156161808726275,-0.7482774234956079,-0.5921156147693329
"Gomez, Miguel",1.0093329447047537,0.41398162836476726,-0.5953513163399864
"Childers, Will",-0.1050256189312996,-0.7013648727331633,-0.5963392538018637
"White, Josh",-0.391174047962207,-0.9926271893043627,-0.6014531413421557
"Gambrell, Grant",1.117986589519149,0.516330867130627,-0.6016557223885219
"Hoppe, Alex",-0.1328360900090158,-0.7400432099108446,-0.6072071199018287
"Williams, Luke",0.1037649857220848,-0.5176320640416073,-0.6213970497636921
"McMillon, John",0.3543118832091386,-0.27014050457150696,-0.6244523877806456
"Holub, Blake",0.1154248861262706,-0.5112142779918459,-0.6266391641181165
"France, J.P.",0.3601769200527126,-0.2685423098876224,-0.628719229940335
"Tarnok, Freddy",0.4305019282518934,-0.20479238161970137,-0.6352943098715947
"Finley, Jackson",0.7943246375814322,0.15727702931020748,-0.6370476082712248
"Adon, Joan",0.1026911295886866,-0.5380785408882286,-0.6407696704769152
"Wegielnik, Robert",1.0082903962823722,0.36685649818352994,-0.6414338980988422
"Murray, Jayden",0.0699947979043202,-0.5804664845485358,-0.650461282452856
"Cornielly, Joshua",0.4936615284845903,-0.15908262969840925,-0.6527441581829996
"Sanchez, Fernando",-0.069408456898705,-0.7222840487578247,-0.6528755918591197
"Johnson, Colton",0.6515761684937501,-0.006786067054315614,-0.6583622355480657
"Gerber, Joey",0.2943781722039309,-0.36857989405555314,-0.6629580662594841
"Morris, Andrew",0.4385174502398102,-0.2298527938460162,-0.6683702440858263
"Kiner-Falefa, Isiah",0.0973458575148994,-0.57653451604254,-0.6738803735574395
"Reyes, Jimmy",-0.2010073383387641,-0.8804754824078326,-0.6794681440690684
"Ferris, Jackson",0.5349724687386976,-0.15048718760885305,-0.6854596563475507
"Cusick, Ryan",0.9121388106844072,0.22650882382966597,-0.6856299868547412
"Arias, Michael",0.1454656513274723,-0.5437066860211189,-0.6891723373485912
"Troye, Christopher",0.1270933835775046,-0.5639593626024205,-0.6910527461799252
"Fellows, Drake",0.0010304582375242,-0.702176760551993,-0.7032072187895172
"Halligan, Patrick",1.1160293357576718,0.4083523547514475,-0.7076769810062243
"Morgan, Reid",-0.2460388019239916,-0.955741552945173,-0.7097027510211814
"Ayers, Cole",0.1666769111006273,-0.5451724251059563,-0.7118493362065836
"Jimenez, Antonio",0.0167563359862189,-0.6975628194187024,-0.7143191554049213
"Dion, Will",0.571287867237705,-0.14309670715035927,-0.7143845743880642
"Young, Jack",0.0123154358774194,-0.7075928361555336,-0.719908272032953
"Hawkins, Dakota",1.092413141453204,0.37205155959854286,-0.720361581854661
"McWilliams, Sam",0.5952226621478547,-0.12555973571835388,-0.7207823978662086
"Richardson, Alonzo",0.6041955302377042,-0.12061026835639088,-0.7248057985940951
"Laskey, Adam",0.083257183057911,-0.642655357530527,-0.725912540588438
"Martin, Trevor",0.3143389078758644,-0.4201382025620215,-0.7344771104378859
"Vernon, Austin",1.0994241578673027,0.3581529119591407,-0.7412712459081621
"Linarez, Valentin",0.7304264990025392,-0.022607208359810116,-0.7530337073623493
"Dallas, Jack",0.0629523339347169,-0.690774604966416,-0.7537269389011328
"Stankiewicz, John",0.2787710521004535,-0.48730747122138485,-0.7660785233218383
"Denholm, Trenton",0.1628860431337583,-0.6082606388886457,-0.771146682022404
"Driver, Jay",0.8656007179174929,0.09330805282213384,-0.7722926650953591
"Gilbreath, Lucas",0.5891108497445325,-0.18540006440321088,-0.7745109141477434
"Jackson, Gabriel",0.0187512645653651,-0.7598127425497546,-0.7785640071151197
"Magno, Andrew",-0.34147934326378,-1.1231910701655305,-0.7817117269017506
"Dipoto, Jonah",-0.3777250474257742,-1.1656945218648436,-0.7879694744390694
"Peoples, Ben",0.4582619857652044,-0.33666207214114796,-0.7949240579063523
"Fleury, Jose",0.0719591907412787,-0.7261238394352797,-0.7980830301765584
"McCambley, Zach",0.0841350200515684,-0.7232160718073671,-0.8073510918589355
"Maciejewski, Josh",0.7835377318958261,-0.024580818178694508,-0.8081185500745206
"Herrera, Welinton",-0.255514901538554,-1.0663354539310959,-0.8108205523925418
"Taveras, Leonardo",0.3510251640747701,-0.4600083173803907,-0.8110334814551607
"Kempner, William",0.424204422512294,-0.39083481471869597,-0.81503923723099
"Johnson, Preston",1.1148551220384602,0.2964318014169653,-0.8184233206214948
"Silva, William",1.121224661729339,0.29551906864648503,-0.8257055930828541
"Stasiowski, Tyler",0.1272135091225792,-0.7054727648008244,-0.8326862739234037
"Morrill, Hueston",1.1204096693352548,0.28655695935567055,-0.8338527099795843
"Money, Blake",0.3688624400358778,-0.47958796914304835,-0.8484504091789262
"Adams, Cooper",0.717896324978367,-0.13317890208352712,-0.8510752270618941
"Grissom Jr., Marquis",0.168529728228809,-0.6956651235519752,-0.8641948517807841
"Neely, Jack",0.3582251695685673,-0.5079433335646103,-0.8661685031331776
"Root, Bayden",0.505125016250812,-0.37632273753465006,-0.881447753785462
"Espada, Jose",0.6475540281377606,-0.28961268739991153,-0.9371667155376722
"Wynyard, Kai",1.1396494442786502,0.20121384769324469,-0.9384355965854055
"Fulton, Dax",0.9442845778920684,-0.007656589529085878,-0.9519411674211543
"Coffey, Adisyn",0.6910467846059084,-0.2630282753261647,-0.9540750599320731
"Rozek, Aaron",0.1992011753381283,-0.7703542444532804,-0.9695554197914087
"Castro, Manuel",1.1548250277519454,0.14567596548766132,-1.009149062264284
"Lonsway, Seth",0.9827947002350864,-0.04023488588454549,-1.023029586119632
"Moreno, Luis",0.652691683714494,-0.37236353324695315,-1.025055216961447
"Guzman, Carlos",0.3883951609423809,-0.6367840938649422,-1.025179254807323
"Gonzalez, Domingo",0.8670355091756851,-0.16622726588763403,-1.033262775063319
"Petit, RJ",0.4876572543364798,-0.5676354652542076,-1.0552927195906874
"Yeager, Justin",0.4877621668563707,-0.5742292194620179,-1.0619913863183885
"Gastelum, Luis",0.7498466960464902,-0.33417930439137855,-1.0840260004378688
"Davidson, Logan",0.7666750242141573,-0.32641059859709665,-1.093085622811254
"Bayless, Jarod",0.408153082037572,-0.6908522942820775,-1.0990053763196495
"Bosiokovic, Jacob",0.6887225368124686,-0.4197963106764475,-1.108518847488916
"Ash, Konnor",0.0502747988486183,-1.0667329645656007,-1.117007763414219
"Austin, Cade",0.5994015187287811,-0.5331627270709246,-1.1325642457997058
"Sanchez, Wilmy",0.6766973006291755,-0.4734931282030458,-1.1501904288322213
"Ingram, Kolton",0.4689348316449362,-0.7021702599461838,-1.1711050915911199
"Amalfi, Alex",0.6942680916487683,-0.48639553173680994,-1.1806636233855783
"Alvarez, Jhosmer",0.7474889345964533,-0.4499979378096789,-1.1974868724061323
"Brand, Jonathan",0.4806192023615416,-0.72659946347872,-1.2072186658402615
"Liñan, Sean Paul",1.0735676799356264,-0.18383626999390879,-1.257403949929535
"Del Bonta-Smith, Fineas",0.228544933017214,-1.070291273820298,-1.298836206837512
"Yabbour, Joseph",0.4290938362350563,-0.8919935399097024,-1.3210873761447588
"Watson, Danny",0.3000281693479785,-1.0805379686770382,-1.3805661380250167
"Maton, Jacob",1.0329842015659378,-0.5244253966255413,-1.5574095981914793
"Tyranski, Mitchell",-0.3954310287864416,-2.0644184116606246,-1.668987382874183
"Pardinho, Eric",1.106377364107678,-0.706037241899058,-1.8124146060067359
"Torres, Alejandro",0.8474587577612442,-1.1331785587283774,-1.9806373164896216
"Mills, Zane",0.9131675214686787,-1.328300818548549,-2.241468340017228
"Campos, Chris",1.2105893217535464,-1.1524952555432546,-2.363084577296801
